Eval_AverageReturn,Eval_StdReturn,Eval_MaxReturn,Eval_MinReturn,Eval_AverageEpLen,step,Train_EpisodeReturn,Train_EpisodeLen,actor_loss,entropy,critic_loss,q_values,target_values,actor_lr,critic_lr,temperature
5.4,2.0099752,10.0,3.0,5.4,0,,,,,,,,,,
,,,,,2,3.0,3,,,,,,,,
,,,,,5,3.0,3,,,,,,,,
,,,,,8,3.0,3,,,,,,,,
,,,,,14,6.0,6,,,,,,,,
,,,,,18,4.0,4,,,,,,,,
,,,,,28,10.0,10,,,,,,,,
,,,,,31,3.0,3,,,,,,,,
,,,,,38,7.0,7,,,,,,,,
,,,,,43,5.0,5,,,,,,,,
,,,,,49,6.0,6,,,,,,,,
,,,,,53,4.0,4,,,,,,,,
,,,,,57,4.0,4,,,,,,,,
,,,,,61,4.0,4,,,,,,,,
,,,,,68,7.0,7,,,,,,,,
,,,,,72,4.0,4,,,,,,,,
,,,,,83,11.0,11,,,,,,,,
,,,,,86,3.0,3,,,,,,,,
,,,,,93,7.0,7,,,,,,,,
,,,,,97,4.0,4,,,,,,,,
,,,,,100,3.0,3,,,,,,,,
,,,,,110,10.0,10,,,,,,,,
,,,,,117,7.0,7,,,,,,,,
,,,,,120,3.0,3,,,,,,,,
,,,,,130,10.0,10,,,,,,,,
,,,,,133,3.0,3,,,,,,,,
,,,,,140,7.0,7,,,,,,,,
,,,,,146,6.0,6,,,,,,,,
,,,,,150,4.0,4,,,,,,,,
,,,,,155,5.0,5,,,,,,,,
,,,,,158,3.0,3,,,,,,,,
,,,,,164,6.0,6,,,,,,,,
,,,,,171,7.0,7,,,,,,,,
,,,,,179,8.0,8,,,,,,,,
,,,,,187,8.0,8,,,,,,,,
,,,,,191,4.0,4,,,,,,,,
,,,,,196,5.0,5,,,,,,,,
,,,,,199,3.0,3,,,,,,,,
,,,,,206,7.0,7,,,,,,,,
,,,,,214,8.0,8,,,,,,,,
,,,,,218,4.0,4,,,,,,,,
,,,,,222,4.0,4,,,,,,,,
,,,,,227,5.0,5,,,,,,,,
,,,,,230,3.0,3,,,,,,,,
,,,,,241,11.0,11,,,,,,,,
,,,,,245,4.0,4,,,,,,,,
,,,,,249,4.0,4,,,,,,,,
,,,,,252,3.0,3,,,,,,,,
,,,,,256,4.0,4,,,,,,,,
,,,,,259,3.0,3,,,,,,,,
,,,,,262,3.0,3,,,,,,,,
,,,,,265,3.0,3,,,,,,,,
,,,,,268,3.0,3,,,,,,,,
,,,,,277,9.0,9,,,,,,,,
,,,,,280,3.0,3,,,,,,,,
,,,,,285,5.0,5,,,,,,,,
,,,,,296,11.0,11,,,,,,,,
,,,,,300,4.0,4,,,,,,,,
,,,,,304,4.0,4,,,,,,,,
,,,,,308,4.0,4,,,,,,,,
,,,,,313,5.0,5,,,,,,,,
,,,,,317,4.0,4,,,,,,,,
,,,,,326,9.0,9,,,,,,,,
,,,,,330,4.0,4,,,,,,,,
,,,,,334,4.0,4,,,,,,,,
,,,,,339,5.0,5,,,,,,,,
,,,,,347,8.0,8,,,,,,,,
,,,,,352,5.0,5,,,,,,,,
,,,,,357,5.0,5,,,,,,,,
,,,,,364,7.0,7,,,,,,,,
,,,,,368,4.0,4,,,,,,,,
,,,,,380,12.0,12,,,,,,,,
,,,,,388,8.0,8,,,,,,,,
,,,,,397,9.0,9,,,,,,,,
,,,,,401,4.0,4,,,,,,,,
,,,,,406,5.0,5,,,,,,,,
,,,,,409,3.0,3,,,,,,,,
,,,,,415,6.0,6,,,,,,,,
,,,,,422,7.0,7,,,,,,,,
,,,,,436,14.0,14,,,,,,,,
,,,,,441,5.0,5,,,,,,,,
,,,,,446,5.0,5,,,,,,,,
,,,,,450,4.0,4,,,,,,,,
,,,,,454,4.0,4,,,,,,,,
,,,,,462,8.0,8,,,,,,,,
,,,,,470,8.0,8,,,,,,,,
,,,,,475,5.0,5,,,,,,,,
,,,,,479,4.0,4,,,,,,,,
,,,,,482,3.0,3,,,,,,,,
,,,,,485,3.0,3,,,,,,,,
,,,,,489,4.0,4,,,,,,,,
,,,,,494,5.0,5,,,,,,,,
,,,,,517,23.0,23,,,,,,,,
,,,,,522,5.0,5,,,,,,,,
,,,,,525,3.0,3,,,,,,,,
,,,,,528,3.0,3,,,,,,,,
,,,,,532,4.0,4,,,,,,,,
,,,,,539,7.0,7,,,,,,,,
,,,,,545,6.0,6,,,,,,,,
,,,,,550,5.0,5,,,,,,,,
,,,,,554,4.0,4,,,,,,,,
,,,,,560,6.0,6,,,,,,,,
,,,,,567,7.0,7,,,,,,,,
,,,,,571,4.0,4,,,,,,,,
,,,,,575,4.0,4,,,,,,,,
,,,,,578,3.0,3,,,,,,,,
,,,,,581,3.0,3,,,,,,,,
,,,,,585,4.0,4,,,,,,,,
,,,,,589,4.0,4,,,,,,,,
,,,,,598,9.0,9,,,,,,,,
,,,,,601,3.0,3,,,,,,,,
,,,,,605,4.0,4,,,,,,,,
,,,,,609,4.0,4,,,,,,,,
,,,,,613,4.0,4,,,,,,,,
,,,,,628,15.0,15,,,,,,,,
,,,,,631,3.0,3,,,,,,,,
,,,,,639,8.0,8,,,,,,,,
,,,,,648,9.0,9,,,,,,,,
,,,,,656,8.0,8,,,,,,,,
,,,,,663,7.0,7,,,,,,,,
,,,,,667,4.0,4,,,,,,,,
,,,,,670,3.0,3,,,,,,,,
,,,,,679,9.0,9,,,,,,,,
,,,,,691,12.0,12,,,,,,,,
,,,,,694,3.0,3,,,,,,,,
,,,,,698,4.0,4,,,,,,,,
,,,,,701,3.0,3,,,,,,,,
,,,,,706,5.0,5,,,,,,,,
,,,,,712,6.0,6,,,,,,,,
,,,,,718,6.0,6,,,,,,,,
,,,,,729,11.0,11,,,,,,,,
,,,,,732,3.0,3,,,,,,,,
,,,,,736,4.0,4,,,,,,,,
,,,,,743,7.0,7,,,,,,,,
,,,,,751,8.0,8,,,,,,,,
,,,,,766,15.0,15,,,,,,,,
,,,,,772,6.0,6,,,,,,,,
,,,,,775,3.0,3,,,,,,,,
,,,,,787,12.0,12,,,,,,,,
,,,,,791,4.0,4,,,,,,,,
,,,,,800,9.0,9,,,,,,,,
,,,,,803,3.0,3,,,,,,,,
,,,,,806,3.0,3,,,,,,,,
,,,,,809,3.0,3,,,,,,,,
,,,,,814,5.0,5,,,,,,,,
,,,,,817,3.0,3,,,,,,,,
,,,,,821,4.0,4,,,,,,,,
,,,,,828,7.0,7,,,,,,,,
,,,,,831,3.0,3,,,,,,,,
,,,,,836,5.0,5,,,,,,,,
,,,,,846,10.0,10,,,,,,,,
,,,,,850,4.0,4,,,,,,,,
,,,,,853,3.0,3,,,,,,,,
,,,,,861,8.0,8,,,,,,,,
,,,,,866,5.0,5,,,,,,,,
,,,,,871,5.0,5,,,,,,,,
,,,,,877,6.0,6,,,,,,,,
,,,,,883,6.0,6,,,,,,,,
,,,,,886,3.0,3,,,,,,,,
,,,,,892,6.0,6,,,,,,,,
,,,,,895,3.0,3,,,,,,,,
,,,,,903,8.0,8,,,,,,,,
,,,,,909,6.0,6,,,,,,,,
,,,,,912,3.0,3,,,,,,,,
,,,,,915,3.0,3,,,,,,,,
,,,,,919,4.0,4,,,,,,,,
,,,,,923,4.0,4,,,,,,,,
,,,,,927,4.0,4,,,,,,,,
,,,,,930,3.0,3,,,,,,,,
,,,,,933,3.0,3,,,,,,,,
,,,,,939,6.0,6,,,,,,,,
,,,,,951,12.0,12,,,,,,,,
,,,,,955,4.0,4,,,,,,,,
,,,,,959,4.0,4,,,,,,,,
,,,,,963,4.0,4,,,,,,,,
,,,,,968,5.0,5,,,,,,,,
,,,,,973,5.0,5,,,,,,,,
,,,,,986,13.0,13,,,,,,,,
,,,,,989,3.0,3,,,,,,,,
,,,,,993,4.0,4,,,,,,,,
,,,,,999,6.0,6,,,,,,,,
,,,,,1008,9.0,9,,,,,,,,
,,,,,1012,4.0,4,,,,,,,,
,,,,,1016,4.0,4,,,,,,,,
,,,,,1020,4.0,4,,,,,,,,
,,,,,1030,10.0,10,,,,,,,,
,,,,,1037,7.0,7,,,,,,,,
,,,,,1043,6.0,6,,,,,,,,
,,,,,1046,3.0,3,,,,,,,,
,,,,,1058,12.0,12,,,,,,,,
,,,,,1064,6.0,6,,,,,,,,
,,,,,1069,5.0,5,,,,,,,,
,,,,,1072,3.0,3,,,,,,,,
,,,,,1076,4.0,4,,,,,,,,
,,,,,1082,6.0,6,,,,,,,,
,,,,,1094,12.0,12,,,,,,,,
,,,,,1098,4.0,4,,,,,,,,
,,,,,1103,5.0,5,,,,,,,,
,,,,,1108,5.0,5,,,,,,,,
,,,,,1111,3.0,3,,,,,,,,
,,,,,1128,17.0,17,,,,,,,,
,,,,,1131,3.0,3,,,,,,,,
,,,,,1152,21.0,21,,,,,,,,
,,,,,1158,6.0,6,,,,,,,,
,,,,,1164,6.0,6,,,,,,,,
,,,,,1168,4.0,4,,,,,,,,
,,,,,1182,14.0,14,,,,,,,,
,,,,,1188,6.0,6,,,,,,,,
,,,,,1192,4.0,4,,,,,,,,
,,,,,1198,6.0,6,,,,,,,,
,,,,,1203,5.0,5,,,,,,,,
,,,,,1214,11.0,11,,,,,,,,
,,,,,1222,8.0,8,,,,,,,,
,,,,,1230,8.0,8,,,,,,,,
,,,,,1233,3.0,3,,,,,,,,
,,,,,1237,4.0,4,,,,,,,,
,,,,,1245,8.0,8,,,,,,,,
,,,,,1248,3.0,3,,,,,,,,
,,,,,1251,3.0,3,,,,,,,,
,,,,,1264,13.0,13,,,,,,,,
,,,,,1268,4.0,4,,,,,,,,
,,,,,1272,4.0,4,,,,,,,,
,,,,,1278,6.0,6,,,,,,,,
,,,,,1286,8.0,8,,,,,,,,
,,,,,1295,9.0,9,,,,,,,,
,,,,,1305,10.0,10,,,,,,,,
,,,,,1325,20.0,20,,,,,,,,
,,,,,1337,12.0,12,,,,,,,,
,,,,,1340,3.0,3,,,,,,,,
,,,,,1343,3.0,3,,,,,,,,
,,,,,1349,6.0,6,,,,,,,,
,,,,,1358,9.0,9,,,,,,,,
,,,,,1367,9.0,9,,,,,,,,
,,,,,1377,10.0,10,,,,,,,,
,,,,,1381,4.0,4,,,,,,,,
,,,,,1386,5.0,5,,,,,,,,
,,,,,1393,7.0,7,,,,,,,,
,,,,,1397,4.0,4,,,,,,,,
,,,,,1403,6.0,6,,,,,,,,
,,,,,1416,13.0,13,,,,,,,,
,,,,,1419,3.0,3,,,,,,,,
,,,,,1422,3.0,3,,,,,,,,
,,,,,1426,4.0,4,,,,,,,,
,,,,,1431,5.0,5,,,,,,,,
,,,,,1440,9.0,9,,,,,,,,
,,,,,1450,10.0,10,,,,,,,,
,,,,,1458,8.0,8,,,,,,,,
,,,,,1461,3.0,3,,,,,,,,
,,,,,1464,3.0,3,,,,,,,,
,,,,,1473,9.0,9,,,,,,,,
,,,,,1478,5.0,5,,,,,,,,
,,,,,1488,10.0,10,,,,,,,,
,,,,,1492,4.0,4,,,,,,,,
,,,,,1501,9.0,9,,,,,,,,
,,,,,1508,7.0,7,,,,,,,,
,,,,,1544,36.0,36,,,,,,,,
,,,,,1547,3.0,3,,,,,,,,
,,,,,1551,4.0,4,,,,,,,,
,,,,,1555,4.0,4,,,,,,,,
,,,,,1561,6.0,6,,,,,,,,
,,,,,1564,3.0,3,,,,,,,,
,,,,,1569,5.0,5,,,,,,,,
,,,,,1575,6.0,6,,,,,,,,
,,,,,1579,4.0,4,,,,,,,,
,,,,,1584,5.0,5,,,,,,,,
,,,,,1587,3.0,3,,,,,,,,
,,,,,1596,9.0,9,,,,,,,,
,,,,,1602,6.0,6,,,,,,,,
,,,,,1610,8.0,8,,,,,,,,
,,,,,1616,6.0,6,,,,,,,,
,,,,,1621,5.0,5,,,,,,,,
,,,,,1633,12.0,12,,,,,,,,
,,,,,1636,3.0,3,,,,,,,,
,,,,,1643,7.0,7,,,,,,,,
,,,,,1647,4.0,4,,,,,,,,
,,,,,1655,8.0,8,,,,,,,,
,,,,,1665,10.0,10,,,,,,,,
,,,,,1670,5.0,5,,,,,,,,
,,,,,1674,4.0,4,,,,,,,,
,,,,,1682,8.0,8,,,,,,,,
,,,,,1696,14.0,14,,,,,,,,
,,,,,1704,8.0,8,,,,,,,,
,,,,,1709,5.0,5,,,,,,,,
,,,,,1714,5.0,5,,,,,,,,
,,,,,1724,10.0,10,,,,,,,,
,,,,,1731,7.0,7,,,,,,,,
,,,,,1737,6.0,6,,,,,,,,
,,,,,1741,4.0,4,,,,,,,,
,,,,,1745,4.0,4,,,,,,,,
,,,,,1751,6.0,6,,,,,,,,
,,,,,1757,6.0,6,,,,,,,,
,,,,,1775,18.0,18,,,,,,,,
,,,,,1780,5.0,5,,,,,,,,
,,,,,1786,6.0,6,,,,,,,,
,,,,,1790,4.0,4,,,,,,,,
,,,,,1793,3.0,3,,,,,,,,
,,,,,1802,9.0,9,,,,,,,,
,,,,,1805,3.0,3,,,,,,,,
,,,,,1808,3.0,3,,,,,,,,
,,,,,1817,9.0,9,,,,,,,,
,,,,,1823,6.0,6,,,,,,,,
,,,,,1831,8.0,8,,,,,,,,
,,,,,1835,4.0,4,,,,,,,,
,,,,,1838,3.0,3,,,,,,,,
,,,,,1848,10.0,10,,,,,,,,
,,,,,1855,7.0,7,,,,,,,,
,,,,,1862,7.0,7,,,,,,,,
,,,,,1866,4.0,4,,,,,,,,
,,,,,1870,4.0,4,,,,,,,,
,,,,,1877,7.0,7,,,,,,,,
,,,,,1881,4.0,4,,,,,,,,
,,,,,1886,5.0,5,,,,,,,,
,,,,,1913,27.0,27,,,,,,,,
,,,,,1919,6.0,6,,,,,,,,
,,,,,1928,9.0,9,,,,,,,,
,,,,,1937,9.0,9,,,,,,,,
,,,,,1941,4.0,4,,,,,,,,
,,,,,1944,3.0,3,,,,,,,,
,,,,,1948,4.0,4,,,,,,,,
,,,,,1953,5.0,5,,,,,,,,
,,,,,1962,9.0,9,,,,,,,,
,,,,,1979,17.0,17,,,,,,,,
,,,,,1982,3.0,3,,,,,,,,
,,,,,1986,4.0,4,,,,,,,,
,,,,,1990,4.0,4,,,,,,,,
,,,,,1993,3.0,3,,,,,,,,
,,,,,2004,11.0,11,,,,,,,,
,,,,,2011,7.0,7,,,,,,,,
,,,,,2028,17.0,17,,,,,,,,
,,,,,2033,5.0,5,,,,,,,,
,,,,,2044,11.0,11,,,,,,,,
,,,,,2054,10.0,10,,,,,,,,
,,,,,2057,3.0,3,,,,,,,,
,,,,,2060,3.0,3,,,,,,,,
,,,,,2065,5.0,5,,,,,,,,
,,,,,2069,4.0,4,,,,,,,,
,,,,,2076,7.0,7,,,,,,,,
,,,,,2092,16.0,16,,,,,,,,
,,,,,2100,8.0,8,,,,,,,,
,,,,,2103,3.0,3,,,,,,,,
,,,,,2109,6.0,6,,,,,,,,
,,,,,2117,8.0,8,,,,,,,,
,,,,,2123,6.0,6,,,,,,,,
,,,,,2132,9.0,9,,,,,,,,
,,,,,2141,9.0,9,,,,,,,,
,,,,,2144,3.0,3,,,,,,,,
,,,,,2147,3.0,3,,,,,,,,
,,,,,2156,9.0,9,,,,,,,,
,,,,,2162,6.0,6,,,,,,,,
,,,,,2168,6.0,6,,,,,,,,
,,,,,2185,17.0,17,,,,,,,,
,,,,,2193,8.0,8,,,,,,,,
,,,,,2199,6.0,6,,,,,,,,
,,,,,2205,6.0,6,,,,,,,,
,,,,,2209,4.0,4,,,,,,,,
,,,,,2217,8.0,8,,,,,,,,
,,,,,2224,7.0,7,,,,,,,,
,,,,,2231,7.0,7,,,,,,,,
,,,,,2237,6.0,6,,,,,,,,
,,,,,2241,4.0,4,,,,,,,,
,,,,,2246,5.0,5,,,,,,,,
,,,,,2251,5.0,5,,,,,,,,
,,,,,2262,11.0,11,,,,,,,,
,,,,,2268,6.0,6,,,,,,,,
,,,,,2272,4.0,4,,,,,,,,
,,,,,2276,4.0,4,,,,,,,,
,,,,,2279,3.0,3,,,,,,,,
,,,,,2284,5.0,5,,,,,,,,
,,,,,2290,6.0,6,,,,,,,,
,,,,,2294,4.0,4,,,,,,,,
,,,,,2300,6.0,6,,,,,,,,
,,,,,2308,8.0,8,,,,,,,,
,,,,,2321,13.0,13,,,,,,,,
,,,,,2324,3.0,3,,,,,,,,
,,,,,2337,13.0,13,,,,,,,,
,,,,,2340,3.0,3,,,,,,,,
,,,,,2343,3.0,3,,,,,,,,
,,,,,2346,3.0,3,,,,,,,,
,,,,,2349,3.0,3,,,,,,,,
,,,,,2354,5.0,5,,,,,,,,
,,,,,2357,3.0,3,,,,,,,,
,,,,,2366,9.0,9,,,,,,,,
,,,,,2369,3.0,3,,,,,,,,
,,,,,2382,13.0,13,,,,,,,,
,,,,,2386,4.0,4,,,,,,,,
,,,,,2390,4.0,4,,,,,,,,
,,,,,2393,3.0,3,,,,,,,,
,,,,,2402,9.0,9,,,,,,,,
,,,,,2406,4.0,4,,,,,,,,
,,,,,2413,7.0,7,,,,,,,,
,,,,,2416,3.0,3,,,,,,,,
,,,,,2424,8.0,8,,,,,,,,
,,,,,2430,6.0,6,,,,,,,,
,,,,,2436,6.0,6,,,,,,,,
,,,,,2442,6.0,6,,,,,,,,
,,,,,2446,4.0,4,,,,,,,,
,,,,,2453,7.0,7,,,,,,,,
,,,,,2467,14.0,14,,,,,,,,
,,,,,2473,6.0,6,,,,,,,,
,,,,,2493,20.0,20,,,,,,,,
,,,,,2499,6.0,6,,,,,,,,
,,,,,2505,6.0,6,,,,,,,,
,,,,,2510,5.0,5,,,,,,,,
,,,,,2514,4.0,4,,,,,,,,
,,,,,2519,5.0,5,,,,,,,,
,,,,,2524,5.0,5,,,,,,,,
,,,,,2531,7.0,7,,,,,,,,
,,,,,2540,9.0,9,,,,,,,,
,,,,,2552,12.0,12,,,,,,,,
,,,,,2555,3.0,3,,,,,,,,
,,,,,2576,21.0,21,,,,,,,,
,,,,,2583,7.0,7,,,,,,,,
,,,,,2587,4.0,4,,,,,,,,
,,,,,2591,4.0,4,,,,,,,,
,,,,,2595,4.0,4,,,,,,,,
,,,,,2607,12.0,12,,,,,,,,
,,,,,2619,12.0,12,,,,,,,,
,,,,,2623,4.0,4,,,,,,,,
,,,,,2626,3.0,3,,,,,,,,
,,,,,2629,3.0,3,,,,,,,,
,,,,,2632,3.0,3,,,,,,,,
,,,,,2636,4.0,4,,,,,,,,
,,,,,2647,11.0,11,,,,,,,,
,,,,,2650,3.0,3,,,,,,,,
,,,,,2653,3.0,3,,,,,,,,
,,,,,2662,9.0,9,,,,,,,,
,,,,,2668,6.0,6,,,,,,,,
,,,,,2672,4.0,4,,,,,,,,
,,,,,2683,11.0,11,,,,,,,,
,,,,,2690,7.0,7,,,,,,,,
,,,,,2693,3.0,3,,,,,,,,
,,,,,2702,9.0,9,,,,,,,,
,,,,,2708,6.0,6,,,,,,,,
,,,,,2713,5.0,5,,,,,,,,
,,,,,2720,7.0,7,,,,,,,,
,,,,,2732,12.0,12,,,,,,,,
,,,,,2737,5.0,5,,,,,,,,
,,,,,2750,13.0,13,,,,,,,,
,,,,,2768,18.0,18,,,,,,,,
,,,,,2775,7.0,7,,,,,,,,
,,,,,2780,5.0,5,,,,,,,,
,,,,,2789,9.0,9,,,,,,,,
,,,,,2794,5.0,5,,,,,,,,
,,,,,2799,5.0,5,,,,,,,,
,,,,,2805,6.0,6,,,,,,,,
,,,,,2817,12.0,12,,,,,,,,
,,,,,2823,6.0,6,,,,,,,,
,,,,,2835,12.0,12,,,,,,,,
,,,,,2838,3.0,3,,,,,,,,
,,,,,2843,5.0,5,,,,,,,,
,,,,,2850,7.0,7,,,,,,,,
,,,,,2856,6.0,6,,,,,,,,
,,,,,2862,6.0,6,,,,,,,,
,,,,,2867,5.0,5,,,,,,,,
,,,,,2870,3.0,3,,,,,,,,
,,,,,2875,5.0,5,,,,,,,,
,,,,,2881,6.0,6,,,,,,,,
,,,,,2895,14.0,14,,,,,,,,
,,,,,2899,4.0,4,,,,,,,,
,,,,,2906,7.0,7,,,,,,,,
,,,,,2910,4.0,4,,,,,,,,
,,,,,2914,4.0,4,,,,,,,,
,,,,,2921,7.0,7,,,,,,,,
,,,,,2933,12.0,12,,,,,,,,
,,,,,2948,15.0,15,,,,,,,,
,,,,,2952,4.0,4,,,,,,,,
,,,,,2966,14.0,14,,,,,,,,
,,,,,2972,6.0,6,,,,,,,,
,,,,,2979,7.0,7,,,,,,,,
,,,,,2982,3.0,3,,,,,,,,
,,,,,2987,5.0,5,,,,,,,,
,,,,,2994,7.0,7,,,,,,,,
,,,,,3009,15.0,15,,,,,,,,
,,,,,3014,5.0,5,,,,,,,,
,,,,,3024,10.0,10,,,,,,,,
,,,,,3032,8.0,8,,,,,,,,
,,,,,3036,4.0,4,,,,,,,,
,,,,,3040,4.0,4,,,,,,,,
,,,,,3049,9.0,9,,,,,,,,
,,,,,3052,3.0,3,,,,,,,,
,,,,,3058,6.0,6,,,,,,,,
,,,,,3063,5.0,5,,,,,,,,
,,,,,3072,9.0,9,,,,,,,,
,,,,,3083,11.0,11,,,,,,,,
,,,,,3095,12.0,12,,,,,,,,
,,,,,3117,22.0,22,,,,,,,,
,,,,,3123,6.0,6,,,,,,,,
,,,,,3130,7.0,7,,,,,,,,
,,,,,3134,4.0,4,,,,,,,,
,,,,,3138,4.0,4,,,,,,,,
,,,,,3144,6.0,6,,,,,,,,
,,,,,3147,3.0,3,,,,,,,,
,,,,,3154,7.0,7,,,,,,,,
,,,,,3162,8.0,8,,,,,,,,
,,,,,3165,3.0,3,,,,,,,,
,,,,,3171,6.0,6,,,,,,,,
,,,,,3177,6.0,6,,,,,,,,
,,,,,3182,5.0,5,,,,,,,,
,,,,,3186,4.0,4,,,,,,,,
,,,,,3192,6.0,6,,,,,,,,
,,,,,3210,18.0,18,,,,,,,,
,,,,,3214,4.0,4,,,,,,,,
,,,,,3218,4.0,4,,,,,,,,
,,,,,3225,7.0,7,,,,,,,,
,,,,,3228,3.0,3,,,,,,,,
,,,,,3233,5.0,5,,,,,,,,
,,,,,3243,10.0,10,,,,,,,,
,,,,,3246,3.0,3,,,,,,,,
,,,,,3253,7.0,7,,,,,,,,
,,,,,3258,5.0,5,,,,,,,,
,,,,,3262,4.0,4,,,,,,,,
,,,,,3266,4.0,4,,,,,,,,
,,,,,3270,4.0,4,,,,,,,,
,,,,,3276,6.0,6,,,,,,,,
,,,,,3290,14.0,14,,,,,,,,
,,,,,3297,7.0,7,,,,,,,,
,,,,,3301,4.0,4,,,,,,,,
,,,,,3304,3.0,3,,,,,,,,
,,,,,3313,9.0,9,,,,,,,,
,,,,,3316,3.0,3,,,,,,,,
,,,,,3321,5.0,5,,,,,,,,
,,,,,3326,5.0,5,,,,,,,,
,,,,,3336,10.0,10,,,,,,,,
,,,,,3342,6.0,6,,,,,,,,
,,,,,3345,3.0,3,,,,,,,,
,,,,,3348,3.0,3,,,,,,,,
,,,,,3351,3.0,3,,,,,,,,
,,,,,3356,5.0,5,,,,,,,,
,,,,,3360,4.0,4,,,,,,,,
,,,,,3373,13.0,13,,,,,,,,
,,,,,3393,20.0,20,,,,,,,,
,,,,,3396,3.0,3,,,,,,,,
,,,,,3401,5.0,5,,,,,,,,
,,,,,3407,6.0,6,,,,,,,,
,,,,,3412,5.0,5,,,,,,,,
,,,,,3418,6.0,6,,,,,,,,
,,,,,3421,3.0,3,,,,,,,,
,,,,,3431,10.0,10,,,,,,,,
,,,,,3454,23.0,23,,,,,,,,
,,,,,3462,8.0,8,,,,,,,,
,,,,,3469,7.0,7,,,,,,,,
,,,,,3474,5.0,5,,,,,,,,
,,,,,3479,5.0,5,,,,,,,,
,,,,,3482,3.0,3,,,,,,,,
,,,,,3485,3.0,3,,,,,,,,
,,,,,3490,5.0,5,,,,,,,,
,,,,,3493,3.0,3,,,,,,,,
,,,,,3496,3.0,3,,,,,,,,
,,,,,3511,15.0,15,,,,,,,,
,,,,,3515,4.0,4,,,,,,,,
,,,,,3518,3.0,3,,,,,,,,
,,,,,3521,3.0,3,,,,,,,,
,,,,,3526,5.0,5,,,,,,,,
,,,,,3535,9.0,9,,,,,,,,
,,,,,3540,5.0,5,,,,,,,,
,,,,,3545,5.0,5,,,,,,,,
,,,,,3550,5.0,5,,,,,,,,
,,,,,3562,12.0,12,,,,,,,,
,,,,,3568,6.0,6,,,,,,,,
,,,,,3572,4.0,4,,,,,,,,
,,,,,3581,9.0,9,,,,,,,,
,,,,,3604,23.0,23,,,,,,,,
,,,,,3609,5.0,5,,,,,,,,
,,,,,3612,3.0,3,,,,,,,,
,,,,,3626,14.0,14,,,,,,,,
,,,,,3639,13.0,13,,,,,,,,
,,,,,3643,4.0,4,,,,,,,,
,,,,,3647,4.0,4,,,,,,,,
,,,,,3652,5.0,5,,,,,,,,
,,,,,3660,8.0,8,,,,,,,,
,,,,,3665,5.0,5,,,,,,,,
,,,,,3669,4.0,4,,,,,,,,
,,,,,3680,11.0,11,,,,,,,,
,,,,,3688,8.0,8,,,,,,,,
,,,,,3692,4.0,4,,,,,,,,
,,,,,3696,4.0,4,,,,,,,,
,,,,,3699,3.0,3,,,,,,,,
,,,,,3702,3.0,3,,,,,,,,
,,,,,3706,4.0,4,,,,,,,,
,,,,,3709,3.0,3,,,,,,,,
,,,,,3715,6.0,6,,,,,,,,
,,,,,3719,4.0,4,,,,,,,,
,,,,,3723,4.0,4,,,,,,,,
,,,,,3730,7.0,7,,,,,,,,
,,,,,3734,4.0,4,,,,,,,,
,,,,,3737,3.0,3,,,,,,,,
,,,,,3743,6.0,6,,,,,,,,
,,,,,3750,7.0,7,,,,,,,,
,,,,,3753,3.0,3,,,,,,,,
,,,,,3760,7.0,7,,,,,,,,
,,,,,3766,6.0,6,,,,,,,,
,,,,,3770,4.0,4,,,,,,,,
,,,,,3774,4.0,4,,,,,,,,
,,,,,3777,3.0,3,,,,,,,,
,,,,,3789,12.0,12,,,,,,,,
,,,,,3794,5.0,5,,,,,,,,
,,,,,3804,10.0,10,,,,,,,,
,,,,,3809,5.0,5,,,,,,,,
,,,,,3820,11.0,11,,,,,,,,
,,,,,3826,6.0,6,,,,,,,,
,,,,,3835,9.0,9,,,,,,,,
,,,,,3840,5.0,5,,,,,,,,
,,,,,3845,5.0,5,,,,,,,,
,,,,,3866,21.0,21,,,,,,,,
,,,,,3870,4.0,4,,,,,,,,
,,,,,3878,8.0,8,,,,,,,,
,,,,,3882,4.0,4,,,,,,,,
,,,,,3898,16.0,16,,,,,,,,
,,,,,3905,7.0,7,,,,,,,,
,,,,,3908,3.0,3,,,,,,,,
,,,,,3911,3.0,3,,,,,,,,
,,,,,3917,6.0,6,,,,,,,,
,,,,,3928,11.0,11,,,,,,,,
,,,,,3931,3.0,3,,,,,,,,
,,,,,3936,5.0,5,,,,,,,,
,,,,,3942,6.0,6,,,,,,,,
,,,,,3948,6.0,6,,,,,,,,
,,,,,3953,5.0,5,,,,,,,,
,,,,,3965,12.0,12,,,,,,,,
,,,,,3969,4.0,4,,,,,,,,
,,,,,3983,14.0,14,,,,,,,,
,,,,,3987,4.0,4,,,,,,,,
,,,,,3991,4.0,4,,,,,,,,
,,,,,3999,8.0,8,,,,,,,,
,,,,,4006,7.0,7,,,,,,,,
,,,,,4010,4.0,4,,,,,,,,
,,,,,4014,4.0,4,,,,,,,,
,,,,,4022,8.0,8,,,,,,,,
,,,,,4029,7.0,7,,,,,,,,
,,,,,4040,11.0,11,,,,,,,,
,,,,,4044,4.0,4,,,,,,,,
,,,,,4061,17.0,17,,,,,,,,
,,,,,4064,3.0,3,,,,,,,,
,,,,,4069,5.0,5,,,,,,,,
,,,,,4081,12.0,12,,,,,,,,
,,,,,4087,6.0,6,,,,,,,,
,,,,,4093,6.0,6,,,,,,,,
,,,,,4104,11.0,11,,,,,,,,
,,,,,4109,5.0,5,,,,,,,,
,,,,,4115,6.0,6,,,,,,,,
,,,,,4122,7.0,7,,,,,,,,
,,,,,4126,4.0,4,,,,,,,,
,,,,,4132,6.0,6,,,,,,,,
,,,,,4145,13.0,13,,,,,,,,
,,,,,4150,5.0,5,,,,,,,,
,,,,,4154,4.0,4,,,,,,,,
,,,,,4158,4.0,4,,,,,,,,
,,,,,4164,6.0,6,,,,,,,,
,,,,,4168,4.0,4,,,,,,,,
,,,,,4176,8.0,8,,,,,,,,
,,,,,4180,4.0,4,,,,,,,,
,,,,,4183,3.0,3,,,,,,,,
,,,,,4189,6.0,6,,,,,,,,
,,,,,4196,7.0,7,,,,,,,,
,,,,,4213,17.0,17,,,,,,,,
,,,,,4221,8.0,8,,,,,,,,
,,,,,4226,5.0,5,,,,,,,,
,,,,,4229,3.0,3,,,,,,,,
,,,,,4237,8.0,8,,,,,,,,
,,,,,4248,11.0,11,,,,,,,,
,,,,,4251,3.0,3,,,,,,,,
,,,,,4260,9.0,9,,,,,,,,
,,,,,4265,5.0,5,,,,,,,,
,,,,,4269,4.0,4,,,,,,,,
,,,,,4273,4.0,4,,,,,,,,
,,,,,4277,4.0,4,,,,,,,,
,,,,,4282,5.0,5,,,,,,,,
,,,,,4287,5.0,5,,,,,,,,
,,,,,4297,10.0,10,,,,,,,,
,,,,,4302,5.0,5,,,,,,,,
,,,,,4305,3.0,3,,,,,,,,
,,,,,4309,4.0,4,,,,,,,,
,,,,,4313,4.0,4,,,,,,,,
,,,,,4317,4.0,4,,,,,,,,
,,,,,4343,26.0,26,,,,,,,,
,,,,,4348,5.0,5,,,,,,,,
,,,,,4356,8.0,8,,,,,,,,
,,,,,4361,5.0,5,,,,,,,,
,,,,,4368,7.0,7,,,,,,,,
,,,,,4374,6.0,6,,,,,,,,
,,,,,4382,8.0,8,,,,,,,,
,,,,,4389,7.0,7,,,,,,,,
,,,,,4395,6.0,6,,,,,,,,
,,,,,4400,5.0,5,,,,,,,,
,,,,,4407,7.0,7,,,,,,,,
,,,,,4425,18.0,18,,,,,,,,
,,,,,4429,4.0,4,,,,,,,,
,,,,,4438,9.0,9,,,,,,,,
,,,,,4444,6.0,6,,,,,,,,
,,,,,4467,23.0,23,,,,,,,,
,,,,,4471,4.0,4,,,,,,,,
,,,,,4483,12.0,12,,,,,,,,
,,,,,4488,5.0,5,,,,,,,,
,,,,,4498,10.0,10,,,,,,,,
,,,,,4505,7.0,7,,,,,,,,
,,,,,4510,5.0,5,,,,,,,,
,,,,,4518,8.0,8,,,,,,,,
,,,,,4522,4.0,4,,,,,,,,
,,,,,4533,11.0,11,,,,,,,,
,,,,,4536,3.0,3,,,,,,,,
,,,,,4544,8.0,8,,,,,,,,
,,,,,4547,3.0,3,,,,,,,,
,,,,,4552,5.0,5,,,,,,,,
,,,,,4558,6.0,6,,,,,,,,
,,,,,4562,4.0,4,,,,,,,,
,,,,,4565,3.0,3,,,,,,,,
,,,,,4575,10.0,10,,,,,,,,
,,,,,4583,8.0,8,,,,,,,,
,,,,,4587,4.0,4,,,,,,,,
,,,,,4593,6.0,6,,,,,,,,
,,,,,4599,6.0,6,,,,,,,,
,,,,,4605,6.0,6,,,,,,,,
,,,,,4621,16.0,16,,,,,,,,
,,,,,4630,9.0,9,,,,,,,,
,,,,,4634,4.0,4,,,,,,,,
,,,,,4638,4.0,4,,,,,,,,
,,,,,4641,3.0,3,,,,,,,,
,,,,,4644,3.0,3,,,,,,,,
,,,,,4648,4.0,4,,,,,,,,
,,,,,4660,12.0,12,,,,,,,,
,,,,,4663,3.0,3,,,,,,,,
,,,,,4668,5.0,5,,,,,,,,
,,,,,4677,9.0,9,,,,,,,,
,,,,,4683,6.0,6,,,,,,,,
,,,,,4694,11.0,11,,,,,,,,
,,,,,4699,5.0,5,,,,,,,,
,,,,,4709,10.0,10,,,,,,,,
,,,,,4712,3.0,3,,,,,,,,
,,,,,4728,16.0,16,,,,,,,,
,,,,,4732,4.0,4,,,,,,,,
,,,,,4737,5.0,5,,,,,,,,
,,,,,4744,7.0,7,,,,,,,,
,,,,,4757,13.0,13,,,,,,,,
,,,,,4764,7.0,7,,,,,,,,
,,,,,4775,11.0,11,,,,,,,,
,,,,,4778,3.0,3,,,,,,,,
,,,,,4788,10.0,10,,,,,,,,
,,,,,4792,4.0,4,,,,,,,,
,,,,,4799,7.0,7,,,,,,,,
,,,,,4809,10.0,10,,,,,,,,
,,,,,4814,5.0,5,,,,,,,,
,,,,,4826,12.0,12,,,,,,,,
,,,,,4830,4.0,4,,,,,,,,
,,,,,4834,4.0,4,,,,,,,,
,,,,,4846,12.0,12,,,,,,,,
,,,,,4860,14.0,14,,,,,,,,
,,,,,4867,7.0,7,,,,,,,,
,,,,,4871,4.0,4,,,,,,,,
,,,,,4879,8.0,8,,,,,,,,
,,,,,4895,16.0,16,,,,,,,,
,,,,,4900,5.0,5,,,,,,,,
,,,,,4912,12.0,12,,,,,,,,
,,,,,4915,3.0,3,,,,,,,,
,,,,,4919,4.0,4,,,,,,,,
,,,,,4927,8.0,8,,,,,,,,
,,,,,4935,8.0,8,,,,,,,,
,,,,,4956,21.0,21,,,,,,,,
,,,,,4961,5.0,5,,,,,,,,
,,,,,4971,10.0,10,,,,,,,,
,,,,,4975,4.0,4,,,,,,,,
,,,,,4981,6.0,6,,,,,,,,
,,,,,4997,16.0,16,,,,,,,,
6.9,3.8065734,14.0,3.0,6.9,5000,,,-0.13635408878326416,0.6113216280937195,1.0885906219482422,0.05510595440864563,1.0964943170547485,0.0003,0.0003,0.1
,,,,,5002,5.0,5,,,,,,,,
,,,,,5009,7.0,7,,,,,,,,
,,,,,5015,6.0,6,,,,,,,,
,,,,,5022,7.0,7,,,,,,,,
,,,,,5025,3.0,3,,,,,,,,
,,,,,5029,4.0,4,,,,,,,,
,,,,,5032,3.0,3,,,,,,,,
,,,,,5036,4.0,4,,,,,,,,
,,,,,5042,6.0,6,,,,,,,,
,,,,,5048,6.0,6,,,,,,,,
,,,,,5054,6.0,6,,,,,,,,
,,,,,5059,5.0,5,,,,,,,,
,,,,,5072,13.0,13,,,,,,,,
,,,,,5077,5.0,5,,,,,,,,
,,,,,5082,5.0,5,,,,,,,,
,,,,,5092,10.0,10,,,,,,,,
,,,,,5101,9.0,9,,,,,,,,
,,,,,5105,4.0,4,,,,,,,,
,,,,,5114,9.0,9,,,,,,,,
,,,,,5120,6.0,6,,,,,,,,
,,,,,5131,11.0,11,,,,,,,,
,,,,,5137,6.0,6,,,,,,,,
,,,,,5142,5.0,5,,,,,,,,
,,,,,5146,4.0,4,,,,,,,,
,,,,,5152,6.0,6,,,,,,,,
,,,,,5162,10.0,10,,,,,,,,
,,,,,5165,3.0,3,,,,,,,,
,,,,,5175,10.0,10,,,,,,,,
,,,,,5181,6.0,6,,,,,,,,
,,,,,5187,6.0,6,,,,,,,,
,,,,,5192,5.0,5,,,,,,,,
,,,,,5195,3.0,3,,,,,,,,
,,,,,5208,13.0,13,,,,,,,,
,,,,,5216,8.0,8,,,,,,,,
,,,,,5219,3.0,3,,,,,,,,
,,,,,5225,6.0,6,,,,,,,,
,,,,,5231,6.0,6,,,,,,,,
,,,,,5244,13.0,13,,,,,,,,
,,,,,5250,6.0,6,,,,,,,,
,,,,,5256,6.0,6,,,,,,,,
,,,,,5265,9.0,9,,,,,,,,
,,,,,5268,3.0,3,,,,,,,,
,,,,,5276,8.0,8,,,,,,,,
,,,,,5285,9.0,9,,,,,,,,
,,,,,5291,6.0,6,,,,,,,,
,,,,,5303,12.0,12,,,,,,,,
,,,,,5307,4.0,4,,,,,,,,
,,,,,5310,3.0,3,,,,,,,,
,,,,,5314,4.0,4,,,,,,,,
,,,,,5318,4.0,4,,,,,,,,
,,,,,5327,9.0,9,,,,,,,,
,,,,,5336,9.0,9,,,,,,,,
,,,,,5350,14.0,14,,,,,,,,
,,,,,5365,15.0,15,,,,,,,,
,,,,,5375,10.0,10,,,,,,,,
,,,,,5392,17.0,17,,,,,,,,
,,,,,5402,10.0,10,,,,,,,,
,,,,,5436,34.0,34,,,,,,,,
,,,,,5447,11.0,11,,,,,,,,
,,,,,5460,13.0,13,,,,,,,,
,,,,,5466,6.0,6,,,,,,,,
,,,,,5473,7.0,7,,,,,,,,
,,,,,5488,15.0,15,,,,,,,,
,,,,,5500,12.0,12,,,,,,,,
,,,,,5544,44.0,44,,,,,,,,
,,,,,5554,10.0,10,,,,,,,,
,,,,,5582,28.0,28,,,,,,,,
,,,,,5595,13.0,13,,,,,,,,
,,,,,5609,14.0,14,,,,,,,,
,,,,,5636,27.0,27,,,,,,,,
,,,,,5658,22.0,22,,,,,,,,
,,,,,5680,22.0,22,,,,,,,,
,,,,,5702,22.0,22,,,,,,,,
,,,,,5741,39.0,39,,,,,,,,
,,,,,5769,28.0,28,,,,,,,,
,,,,,5814,45.0,45,,,,,,,,
,,,,,5856,42.0,42,,,,,,,,
,,,,,5895,39.0,39,,,,,,,,
,,,,,5951,56.0,56,,,,,,,,
,,,,,5985,34.0,34,,,,,,,,
,,,,,6000,,,-4.796562194824219,-0.5729366540908813,0.9955521821975708,4.159204959869385,4.03299617767334,0.0003,0.0003,0.1
,,,,,6029,44.0,44,,,,,,,,
,,,,,6062,33.0,33,,,,,,,,
,,,,,6092,30.0,30,,,,,,,,
,,,,,6150,58.0,58,,,,,,,,
,,,,,6234,84.0,84,,,,,,,,
,,,,,6281,47.0,47,,,,,,,,
,,,,,6315,34.0,34,,,,,,,,
,,,,,6377,62.0,62,,,,,,,,
,,,,,6423,46.0,46,,,,,,,,
,,,,,6464,41.0,41,,,,,,,,
,,,,,6534,70.0,70,,,,,,,,
,,,,,6603,69.0,69,,,,,,,,
,,,,,6660,57.0,57,,,,,,,,
,,,,,6715,55.0,55,,,,,,,,
,,,,,6778,63.0,63,,,,,,,,
,,,,,6861,83.0,83,,,,,,,,
,,,,,6929,68.0,68,,,,,,,,
,,,,,7000,,,-9.649500846862793,-0.8826886415481567,1.4048740863800049,8.374744415283203,8.406584739685059,0.0003,0.0003,0.1
,,,,,7004,75.0,75,,,,,,,,
,,,,,7095,91.0,91,,,,,,,,
,,,,,7151,56.0,56,,,,,,,,
,,,,,7268,117.0,117,,,,,,,,
,,,,,7348,80.0,80,,,,,,,,
,,,,,7423,75.0,75,,,,,,,,
,,,,,7499,76.0,76,,,,,,,,
,,,,,7584,85.0,85,,,,,,,,
,,,,,7666,82.0,82,,,,,,,,
,,,,,7783,117.0,117,,,,,,,,
,,,,,7852,69.0,69,,,,,,,,
,,,,,7942,90.0,90,,,,,,,,
,,,,,8000,,,-15.021201133728027,-0.7855117321014404,2.2562201023101807,13.021966934204102,12.865484237670898,0.0003,0.0003,0.1
,,,,,8064,122.0,122,,,,,,,,
,,,,,8160,96.0,96,,,,,,,,
,,,,,8290,130.0,130,,,,,,,,
,,,,,8377,87.0,87,,,,,,,,
,,,,,8513,136.0,136,,,,,,,,
,,,,,8619,106.0,106,,,,,,,,
,,,,,8738,119.0,119,,,,,,,,
,,,,,8835,97.0,97,,,,,,,,
,,,,,8914,79.0,79,,,,,,,,
,,,,,9000,,,-19.692392349243164,-0.5504837036132812,1.8001940250396729,17.861488342285156,17.907161712646484,0.0003,0.0003,0.1
,,,,,9013,99.0,99,,,,,,,,
,,,,,9112,99.0,99,,,,,,,,
,,,,,9196,84.0,84,,,,,,,,
,,,,,9273,77.0,77,,,,,,,,
,,,,,9370,97.0,97,,,,,,,,
,,,,,9468,98.0,98,,,,,,,,
,,,,,9544,76.0,76,,,,,,,,
,,,,,9613,69.0,69,,,,,,,,
,,,,,9688,75.0,75,,,,,,,,
,,,,,9803,115.0,115,,,,,,,,
,,,,,9876,73.0,73,,,,,,,,
,,,,,9962,86.0,86,,,,,,,,
67.9,6.3788714,79.0,59.0,67.9,10000,,,-23.77855682373047,-0.6576880216598511,7.514831066131592,21.174476623535156,21.128982543945312,0.0003,0.0003,0.1
,,,,,10028,66.0,66,,,,,,,,
,,,,,10111,83.0,83,,,,,,,,
,,,,,10178,67.0,67,,,,,,,,
,,,,,10237,59.0,59,,,,,,,,
,,,,,10300,63.0,63,,,,,,,,
,,,,,10380,80.0,80,,,,,,,,
,,,,,10445,65.0,65,,,,,,,,
,,,,,10510,65.0,65,,,,,,,,
,,,,,10567,57.0,57,,,,,,,,
,,,,,10628,61.0,61,,,,,,,,
,,,,,10694,66.0,66,,,,,,,,
,,,,,10766,72.0,72,,,,,,,,
,,,,,10827,61.0,61,,,,,,,,
,,,,,10903,76.0,76,,,,,,,,
,,,,,10970,67.0,67,,,,,,,,
,,,,,11000,,,-27.31351089477539,-0.5833027362823486,4.286378860473633,25.29706573486328,25.277240753173828,0.0003,0.0003,0.1
,,,,,11034,64.0,64,,,,,,,,
,,,,,11090,56.0,56,,,,,,,,
,,,,,11152,62.0,62,,,,,,,,
,,,,,11210,58.0,58,,,,,,,,
,,,,,11271,61.0,61,,,,,,,,
,,,,,11344,73.0,73,,,,,,,,
,,,,,11405,61.0,61,,,,,,,,
,,,,,11462,57.0,57,,,,,,,,
,,,,,11545,83.0,83,,,,,,,,
,,,,,11608,63.0,63,,,,,,,,
,,,,,11674,66.0,66,,,,,,,,
,,,,,11740,66.0,66,,,,,,,,
,,,,,11804,64.0,64,,,,,,,,
,,,,,11913,109.0,109,,,,,,,,
,,,,,11976,63.0,63,,,,,,,,
,,,,,12000,,,-30.96250343322754,-0.6753470301628113,8.807697296142578,28.417837142944336,28.72163200378418,0.0003,0.0003,0.1
,,,,,12073,97.0,97,,,,,,,,
,,,,,12131,58.0,58,,,,,,,,
,,,,,12232,101.0,101,,,,,,,,
,,,,,12300,68.0,68,,,,,,,,
,,,,,12377,77.0,77,,,,,,,,
,,,,,12451,74.0,74,,,,,,,,
,,,,,12507,56.0,56,,,,,,,,
,,,,,12576,69.0,69,,,,,,,,
,,,,,12650,74.0,74,,,,,,,,
,,,,,12711,61.0,61,,,,,,,,
,,,,,12846,135.0,135,,,,,,,,
,,,,,12930,84.0,84,,,,,,,,
,,,,,12991,61.0,61,,,,,,,,
,,,,,13000,,,-34.21356201171875,-0.7352551817893982,8.836771011352539,32.60429763793945,32.342529296875,0.0003,0.0003,0.1
,,,,,13087,96.0,96,,,,,,,,
,,,,,13222,135.0,135,,,,,,,,
,,,,,13301,79.0,79,,,,,,,,
,,,,,13373,72.0,72,,,,,,,,
,,,,,13438,65.0,65,,,,,,,,
,,,,,13511,73.0,73,,,,,,,,
,,,,,13613,102.0,102,,,,,,,,
,,,,,13683,70.0,70,,,,,,,,
,,,,,13778,95.0,95,,,,,,,,
,,,,,13841,63.0,63,,,,,,,,
,,,,,13898,57.0,57,,,,,,,,
,,,,,13960,62.0,62,,,,,,,,
,,,,,14000,,,-37.52494430541992,-0.4936887323856354,11.727523803710938,35.10169219970703,34.996803283691406,0.0003,0.0003,0.1
,,,,,14022,62.0,62,,,,,,,,
,,,,,14076,54.0,54,,,,,,,,
,,,,,14138,62.0,62,,,,,,,,
,,,,,14209,71.0,71,,,,,,,,
,,,,,14289,80.0,80,,,,,,,,
,,,,,14344,55.0,55,,,,,,,,
,,,,,14410,66.0,66,,,,,,,,
,,,,,14463,53.0,53,,,,,,,,
,,,,,14520,57.0,57,,,,,,,,
,,,,,14578,58.0,58,,,,,,,,
,,,,,14637,59.0,59,,,,,,,,
,,,,,14691,54.0,54,,,,,,,,
,,,,,14750,59.0,59,,,,,,,,
,,,,,14799,49.0,49,,,,,,,,
,,,,,14859,60.0,60,,,,,,,,
,,,,,14909,50.0,50,,,,,,,,
,,,,,14965,56.0,56,,,,,,,,
61.1,7.147727,75.0,52.0,61.1,15000,,,-40.78371047973633,-0.6767065525054932,11.665881156921387,37.95253372192383,38.06047821044922,0.0003,0.0003,0.1
,,,,,15024,59.0,59,,,,,,,,
,,,,,15085,61.0,61,,,,,,,,
,,,,,15148,63.0,63,,,,,,,,
,,,,,15198,50.0,50,,,,,,,,
,,,,,15253,55.0,55,,,,,,,,
,,,,,15308,55.0,55,,,,,,,,
,,,,,15359,51.0,51,,,,,,,,
,,,,,15420,61.0,61,,,,,,,,
,,,,,15483,63.0,63,,,,,,,,
,,,,,15536,53.0,53,,,,,,,,
,,,,,15588,52.0,52,,,,,,,,
,,,,,15653,65.0,65,,,,,,,,
,,,,,15713,60.0,60,,,,,,,,
,,,,,15772,59.0,59,,,,,,,,
,,,,,15834,62.0,62,,,,,,,,
,,,,,15896,62.0,62,,,,,,,,
,,,,,15961,65.0,65,,,,,,,,
,,,,,16000,,,-43.64731979370117,-0.7641702890396118,7.09665584564209,40.39369201660156,40.49176788330078,0.0003,0.0003,0.1
,,,,,16020,59.0,59,,,,,,,,
,,,,,16082,62.0,62,,,,,,,,
,,,,,16146,64.0,64,,,,,,,,
,,,,,16208,62.0,62,,,,,,,,
,,,,,16270,62.0,62,,,,,,,,
,,,,,16334,64.0,64,,,,,,,,
,,,,,16412,78.0,78,,,,,,,,
,,,,,16479,67.0,67,,,,,,,,
,,,,,16557,78.0,78,,,,,,,,
,,,,,16618,61.0,61,,,,,,,,
,,,,,16679,61.0,61,,,,,,,,
,,,,,16750,71.0,71,,,,,,,,
,,,,,16811,61.0,61,,,,,,,,
,,,,,16873,62.0,62,,,,,,,,
,,,,,16934,61.0,61,,,,,,,,
,,,,,17000,,,-45.05736541748047,-0.7729971408843994,18.69393539428711,41.67121124267578,41.17633819580078,0.0003,0.0003,0.1
,,,,,17033,99.0,99,,,,,,,,
,,,,,17090,57.0,57,,,,,,,,
,,,,,17154,64.0,64,,,,,,,,
,,,,,17221,67.0,67,,,,,,,,
,,,,,17281,60.0,60,,,,,,,,
,,,,,17340,59.0,59,,,,,,,,
,,,,,17408,68.0,68,,,,,,,,
,,,,,17492,84.0,84,,,,,,,,
,,,,,17564,72.0,72,,,,,,,,
,,,,,17623,59.0,59,,,,,,,,
,,,,,17720,97.0,97,,,,,,,,
,,,,,17779,59.0,59,,,,,,,,
,,,,,17842,63.0,63,,,,,,,,
,,,,,17931,89.0,89,,,,,,,,
,,,,,17998,67.0,67,,,,,,,,
,,,,,18000,,,-47.89708709716797,-0.7871423959732056,6.658483982086182,45.55610656738281,45.738006591796875,0.0003,0.0003,0.1
,,,,,18080,82.0,82,,,,,,,,
,,,,,18157,77.0,77,,,,,,,,
,,,,,18224,67.0,67,,,,,,,,
,,,,,18296,72.0,72,,,,,,,,
,,,,,18385,89.0,89,,,,,,,,
,,,,,18451,66.0,66,,,,,,,,
,,,,,18529,78.0,78,,,,,,,,
,,,,,18597,68.0,68,,,,,,,,
,,,,,18658,61.0,61,,,,,,,,
,,,,,18714,56.0,56,,,,,,,,
,,,,,18797,83.0,83,,,,,,,,
,,,,,18859,62.0,62,,,,,,,,
,,,,,18930,71.0,71,,,,,,,,
,,,,,18997,67.0,67,,,,,,,,
,,,,,19000,,,-49.755069732666016,-0.7415457963943481,9.793741226196289,46.53339385986328,46.290489196777344,0.0003,0.0003,0.1
,,,,,19060,63.0,63,,,,,,,,
,,,,,19128,68.0,68,,,,,,,,
,,,,,19198,70.0,70,,,,,,,,
,,,,,19261,63.0,63,,,,,,,,
,,,,,19320,59.0,59,,,,,,,,
,,,,,19383,63.0,63,,,,,,,,
,,,,,19437,54.0,54,,,,,,,,
,,,,,19519,82.0,82,,,,,,,,
,,,,,19577,58.0,58,,,,,,,,
,,,,,19657,80.0,80,,,,,,,,
,,,,,19723,66.0,66,,,,,,,,
,,,,,19777,54.0,54,,,,,,,,
,,,,,19847,70.0,70,,,,,,,,
,,,,,19936,89.0,89,,,,,,,,
,,,,,19991,55.0,55,,,,,,,,
62.5,7.553145,78.0,54.0,62.5,20000,,,-50.38967514038086,-0.6682153940200806,10.307435035705566,47.162879943847656,46.788814544677734,0.0003,0.0003,0.1
,,,,,20088,97.0,97,,,,,,,,
,,,,,20156,68.0,68,,,,,,,,
,,,,,20246,90.0,90,,,,,,,,
,,,,,20308,62.0,62,,,,,,,,
,,,,,20404,96.0,96,,,,,,,,
,,,,,20499,95.0,95,,,,,,,,
,,,,,20567,68.0,68,,,,,,,,
,,,,,20635,68.0,68,,,,,,,,
,,,,,20711,76.0,76,,,,,,,,
,,,,,20864,153.0,153,,,,,,,,
,,,,,20975,111.0,111,,,,,,,,
,,,,,21000,,,-52.359893798828125,-0.8444217443466187,12.152770042419434,50.51031494140625,50.86865234375,0.0003,0.0003,0.1
,,,,,21042,67.0,67,,,,,,,,
,,,,,21097,55.0,55,,,,,,,,
,,,,,21163,66.0,66,,,,,,,,
,,,,,21227,64.0,64,,,,,,,,
,,,,,21291,64.0,64,,,,,,,,
,,,,,21358,67.0,67,,,,,,,,
,,,,,21421,63.0,63,,,,,,,,
,,,,,21485,64.0,64,,,,,,,,
,,,,,21540,55.0,55,,,,,,,,
,,,,,21613,73.0,73,,,,,,,,
,,,,,21667,54.0,54,,,,,,,,
,,,,,21798,131.0,131,,,,,,,,
,,,,,21889,91.0,91,,,,,,,,
,,,,,21986,97.0,97,,,,,,,,
,,,,,22000,,,-55.48457717895508,-0.6118406653404236,10.415765762329102,51.98091125488281,51.995548248291016,0.0003,0.0003,0.1
,,,,,22055,69.0,69,,,,,,,,
,,,,,22115,60.0,60,,,,,,,,
,,,,,22185,70.0,70,,,,,,,,
,,,,,22244,59.0,59,,,,,,,,
,,,,,22303,59.0,59,,,,,,,,
,,,,,22385,82.0,82,,,,,,,,
,,,,,22444,59.0,59,,,,,,,,
,,,,,22529,85.0,85,,,,,,,,
,,,,,22594,65.0,65,,,,,,,,
,,,,,23000,,,-56.00774383544922,-0.7081372737884521,18.67572021484375,54.22698211669922,53.960540771484375,0.0003,0.0003,0.1
,,,,,23594,1000.0,1000,,,,,,,,
,,,,,23663,69.0,69,,,,,,,,
,,,,,23772,109.0,109,,,,,,,,
,,,,,23840,68.0,68,,,,,,,,
,,,,,23918,78.0,78,,,,,,,,
,,,,,24000,,,-55.200321197509766,-0.7965353727340698,15.700784683227539,53.33721160888672,53.27912139892578,0.0003,0.0003,0.1
,,,,,24009,91.0,91,,,,,,,,
,,,,,24098,89.0,89,,,,,,,,
,,,,,24165,67.0,67,,,,,,,,
,,,,,24247,82.0,82,,,,,,,,
,,,,,24333,86.0,86,,,,,,,,
,,,,,24403,70.0,70,,,,,,,,
,,,,,24601,198.0,198,,,,,,,,
,,,,,24828,227.0,227,,,,,,,,
,,,,,24922,94.0,94,,,,,,,,
97.7,21.531605,137.0,71.0,97.7,25000,,,-56.345458984375,-0.6599957346916199,14.849987030029297,54.930328369140625,54.91875076293945,0.0003,0.0003,0.1
,,,,,25015,93.0,93,,,,,,,,
,,,,,25118,103.0,103,,,,,,,,
,,,,,25345,227.0,227,,,,,,,,
,,,,,25425,80.0,80,,,,,,,,
,,,,,25539,114.0,114,,,,,,,,
,,,,,25637,98.0,98,,,,,,,,
,,,,,25730,93.0,93,,,,,,,,
,,,,,25816,86.0,86,,,,,,,,
,,,,,25894,78.0,78,,,,,,,,
,,,,,25971,77.0,77,,,,,,,,
,,,,,26000,,,-56.864017486572266,-0.6807523965835571,17.93993377685547,54.58775329589844,54.21380615234375,0.0003,0.0003,0.1
,,,,,26047,76.0,76,,,,,,,,
,,,,,26135,88.0,88,,,,,,,,
,,,,,26250,115.0,115,,,,,,,,
,,,,,26678,428.0,428,,,,,,,,
,,,,,26754,76.0,76,,,,,,,,
,,,,,26934,180.0,180,,,,,,,,
,,,,,27000,,,-57.038841247558594,-0.8055892586708069,6.730301380157471,54.774330139160156,54.91496276855469,0.0003,0.0003,0.1
,,,,,27002,68.0,68,,,,,,,,
,,,,,27156,154.0,154,,,,,,,,
,,,,,27248,92.0,92,,,,,,,,
,,,,,27335,87.0,87,,,,,,,,
,,,,,27417,82.0,82,,,,,,,,
,,,,,28000,,,-56.332828521728516,-0.9770447015762329,5.632056713104248,53.23091125488281,53.42882537841797,0.0003,0.0003,0.1
,,,,,28417,1000.0,1000,,,,,,,,
,,,,,29000,,,-60.9736213684082,-0.9174846410751343,17.615230560302734,58.782691955566406,58.97193908691406,0.0003,0.0003,0.1
,,,,,29417,1000.0,1000,,,,,,,,
,,,,,29480,63.0,63,,,,,,,,
,,,,,29541,61.0,61,,,,,,,,
,,,,,29625,84.0,84,,,,,,,,
,,,,,29703,78.0,78,,,,,,,,
,,,,,29761,58.0,58,,,,,,,,
,,,,,29824,63.0,63,,,,,,,,
,,,,,29883,59.0,59,,,,,,,,
,,,,,29944,61.0,61,,,,,,,,
64.1,4.867237,75.0,57.0,64.1,30000,,,-61.969608306884766,-0.905022144317627,10.772690773010254,60.66754150390625,60.47757339477539,0.0003,0.0003,0.1
,,,,,30003,59.0,59,,,,,,,,
,,,,,30059,56.0,56,,,,,,,,
,,,,,30116,57.0,57,,,,,,,,
,,,,,30183,67.0,67,,,,,,,,
,,,,,30245,62.0,62,,,,,,,,
,,,,,30339,94.0,94,,,,,,,,
,,,,,30395,56.0,56,,,,,,,,
,,,,,30459,64.0,64,,,,,,,,
,,,,,30525,66.0,66,,,,,,,,
,,,,,30588,63.0,63,,,,,,,,
,,,,,30644,56.0,56,,,,,,,,
,,,,,30702,58.0,58,,,,,,,,
,,,,,30777,75.0,75,,,,,,,,
,,,,,30839,62.0,62,,,,,,,,
,,,,,30897,58.0,58,,,,,,,,
,,,,,30963,66.0,66,,,,,,,,
,,,,,31000,,,-64.03095245361328,-0.7260574698448181,1.9143404960632324,62.03763961791992,61.963096618652344,0.0003,0.0003,0.1
,,,,,31026,63.0,63,,,,,,,,
,,,,,31094,68.0,68,,,,,,,,
,,,,,31157,63.0,63,,,,,,,,
,,,,,31221,64.0,64,,,,,,,,
,,,,,31297,76.0,76,,,,,,,,
,,,,,31357,60.0,60,,,,,,,,
,,,,,31432,75.0,75,,,,,,,,
,,,,,31489,57.0,57,,,,,,,,
,,,,,31556,67.0,67,,,,,,,,
,,,,,31615,59.0,59,,,,,,,,
,,,,,31671,56.0,56,,,,,,,,
,,,,,31726,55.0,55,,,,,,,,
,,,,,31786,60.0,60,,,,,,,,
,,,,,31850,64.0,64,,,,,,,,
,,,,,31907,57.0,57,,,,,,,,
,,,,,31965,58.0,58,,,,,,,,
,,,,,32000,,,-63.62754440307617,-0.7307626605033875,7.2268266677856445,60.318016052246094,60.55366516113281,0.0003,0.0003,0.1
,,,,,32045,80.0,80,,,,,,,,
,,,,,32113,68.0,68,,,,,,,,
,,,,,32180,67.0,67,,,,,,,,
,,,,,33000,,,-67.46053314208984,-0.5245519280433655,5.690295219421387,66.02571105957031,65.94852447509766,0.0003,0.0003,0.1
,,,,,33180,1000.0,1000,,,,,,,,
,,,,,34000,,,-64.05032348632812,-0.7438725233078003,4.697641849517822,61.3400764465332,61.08409881591797,0.0003,0.0003,0.1
,,,,,34180,1000.0,1000,,,,,,,,
1000.0,0.0,1000.0,1000.0,1000.0,35000,,,-67.8484878540039,-0.8527082800865173,4.936648845672607,64.33418273925781,64.32472229003906,0.0003,0.0003,0.1
,,,,,35180,1000.0,1000,,,,,,,,
,,,,,36000,,,-68.31478118896484,-1.026864767074585,21.065624237060547,66.001953125,65.93846130371094,0.0003,0.0003,0.1
,,,,,36180,1000.0,1000,,,,,,,,
,,,,,37000,,,-69.29113006591797,-0.907346785068512,10.361618041992188,66.78028106689453,66.27159118652344,0.0003,0.0003,0.1
,,,,,37180,1000.0,1000,,,,,,,,
,,,,,38000,,,-70.97384643554688,-0.8225870132446289,3.1122684478759766,67.8630142211914,67.80917358398438,0.0003,0.0003,0.1
,,,,,38180,1000.0,1000,,,,,,,,
,,,,,39000,,,-71.61290740966797,-0.8415364027023315,10.475419044494629,69.44601440429688,69.43621826171875,0.0003,0.0003,0.1
,,,,,39180,1000.0,1000,,,,,,,,
1000.0,0.0,1000.0,1000.0,1000.0,40000,,,-75.28801727294922,-0.7990477681159973,3.6655688285827637,73.68496704101562,73.8228530883789,0.0003,0.0003,0.1
,,,,,40180,1000.0,1000,,,,,,,,
,,,,,41000,,,-71.95863342285156,-0.9415828585624695,6.505735397338867,67.02519226074219,66.61091613769531,0.0003,0.0003,0.1
,,,,,41180,1000.0,1000,,,,,,,,
,,,,,42000,,,-76.84951782226562,-0.6925537586212158,15.07826042175293,74.99082946777344,74.57389068603516,0.0003,0.0003,0.1
,,,,,42180,1000.0,1000,,,,,,,,
,,,,,43000,,,-75.9190673828125,-0.9924392104148865,1.432689905166626,74.30256652832031,74.2783432006836,0.0003,0.0003,0.1
,,,,,43180,1000.0,1000,,,,,,,,
,,,,,44000,,,-80.83150482177734,-1.087138295173645,11.940193176269531,76.86295318603516,76.63322448730469,0.0003,0.0003,0.1
,,,,,44180,1000.0,1000,,,,,,,,
1000.0,0.0,1000.0,1000.0,1000.0,45000,,,-79.8602066040039,-0.8347008228302002,4.511691570281982,77.60752868652344,77.48043823242188,0.0003,0.0003,0.1
,,,,,45180,1000.0,1000,,,,,,,,
,,,,,46000,,,-79.71449279785156,-0.6601150035858154,3.831946611404419,77.77937316894531,77.87130737304688,0.0003,0.0003,0.1
,,,,,46180,1000.0,1000,,,,,,,,
,,,,,47000,,,-82.62332153320312,-0.7536213994026184,11.410571098327637,79.49789428710938,78.92800903320312,0.0003,0.0003,0.1
,,,,,47180,1000.0,1000,,,,,,,,
,,,,,48000,,,-81.52008819580078,-0.8749203085899353,2.548940420150757,80.78273010253906,80.74596405029297,0.0003,0.0003,0.1
,,,,,48180,1000.0,1000,,,,,,,,
,,,,,49000,,,-82.80575561523438,-0.8282720446586609,5.674688339233398,79.15177917480469,78.83475494384766,0.0003,0.0003,0.1
,,,,,49180,1000.0,1000,,,,,,,,
