Eval_AverageReturn,Eval_StdReturn,Eval_MaxReturn,Eval_MinReturn,Eval_AverageEpLen,step,Train_EpisodeReturn,Train_EpisodeLen,actor_loss,entropy,critic_loss,q_values,target_values,alpha,alpha_loss,actor_lr,critic_lr,temperature
5.4,1.8000001,10.0,3.0,5.4,0,,,,,,,,,,,,
,,,,,2,3.0,3,,,,,,,,,,
,,,,,5,3.0,3,,,,,,,,,,
,,,,,9,4.0,4,,,,,,,,,,
,,,,,12,3.0,3,,,,,,,,,,
,,,,,16,4.0,4,,,,,,,,,,
,,,,,23,7.0,7,,,,,,,,,,
,,,,,30,7.0,7,,,,,,,,,,
,,,,,34,4.0,4,,,,,,,,,,
,,,,,37,3.0,3,,,,,,,,,,
,,,,,44,7.0,7,,,,,,,,,,
,,,,,53,9.0,9,,,,,,,,,,
,,,,,56,3.0,3,,,,,,,,,,
,,,,,63,7.0,7,,,,,,,,,,
,,,,,76,13.0,13,,,,,,,,,,
,,,,,79,3.0,3,,,,,,,,,,
,,,,,83,4.0,4,,,,,,,,,,
,,,,,86,3.0,3,,,,,,,,,,
,,,,,90,4.0,4,,,,,,,,,,
,,,,,98,8.0,8,,,,,,,,,,
,,,,,105,7.0,7,,,,,,,,,,
,,,,,113,8.0,8,,,,,,,,,,
,,,,,119,6.0,6,,,,,,,,,,
,,,,,124,5.0,5,,,,,,,,,,
,,,,,127,3.0,3,,,,,,,,,,
,,,,,134,7.0,7,,,,,,,,,,
,,,,,138,4.0,4,,,,,,,,,,
,,,,,155,17.0,17,,,,,,,,,,
,,,,,161,6.0,6,,,,,,,,,,
,,,,,171,10.0,10,,,,,,,,,,
,,,,,177,6.0,6,,,,,,,,,,
,,,,,181,4.0,4,,,,,,,,,,
,,,,,197,16.0,16,,,,,,,,,,
,,,,,203,6.0,6,,,,,,,,,,
,,,,,210,7.0,7,,,,,,,,,,
,,,,,216,6.0,6,,,,,,,,,,
,,,,,226,10.0,10,,,,,,,,,,
,,,,,229,3.0,3,,,,,,,,,,
,,,,,244,15.0,15,,,,,,,,,,
,,,,,254,10.0,10,,,,,,,,,,
,,,,,263,9.0,9,,,,,,,,,,
,,,,,270,7.0,7,,,,,,,,,,
,,,,,274,4.0,4,,,,,,,,,,
,,,,,277,3.0,3,,,,,,,,,,
,,,,,285,8.0,8,,,,,,,,,,
,,,,,290,5.0,5,,,,,,,,,,
,,,,,300,10.0,10,,,,,,,,,,
,,,,,306,6.0,6,,,,,,,,,,
,,,,,309,3.0,3,,,,,,,,,,
,,,,,313,4.0,4,,,,,,,,,,
,,,,,319,6.0,6,,,,,,,,,,
,,,,,327,8.0,8,,,,,,,,,,
,,,,,331,4.0,4,,,,,,,,,,
,,,,,335,4.0,4,,,,,,,,,,
,,,,,343,8.0,8,,,,,,,,,,
,,,,,346,3.0,3,,,,,,,,,,
,,,,,354,8.0,8,,,,,,,,,,
,,,,,370,16.0,16,,,,,,,,,,
,,,,,375,5.0,5,,,,,,,,,,
,,,,,384,9.0,9,,,,,,,,,,
,,,,,393,9.0,9,,,,,,,,,,
,,,,,396,3.0,3,,,,,,,,,,
,,,,,399,3.0,3,,,,,,,,,,
,,,,,409,10.0,10,,,,,,,,,,
,,,,,415,6.0,6,,,,,,,,,,
,,,,,421,6.0,6,,,,,,,,,,
,,,,,433,12.0,12,,,,,,,,,,
,,,,,437,4.0,4,,,,,,,,,,
,,,,,441,4.0,4,,,,,,,,,,
,,,,,446,5.0,5,,,,,,,,,,
,,,,,449,3.0,3,,,,,,,,,,
,,,,,453,4.0,4,,,,,,,,,,
,,,,,458,5.0,5,,,,,,,,,,
,,,,,462,4.0,4,,,,,,,,,,
,,,,,465,3.0,3,,,,,,,,,,
,,,,,468,3.0,3,,,,,,,,,,
,,,,,473,5.0,5,,,,,,,,,,
,,,,,482,9.0,9,,,,,,,,,,
,,,,,486,4.0,4,,,,,,,,,,
,,,,,493,7.0,7,,,,,,,,,,
,,,,,497,4.0,4,,,,,,,,,,
,,,,,504,7.0,7,,,,,,,,,,
,,,,,509,5.0,5,,,,,,,,,,
,,,,,513,4.0,4,,,,,,,,,,
,,,,,519,6.0,6,,,,,,,,,,
,,,,,523,4.0,4,,,,,,,,,,
,,,,,529,6.0,6,,,,,,,,,,
,,,,,536,7.0,7,,,,,,,,,,
,,,,,539,3.0,3,,,,,,,,,,
,,,,,544,5.0,5,,,,,,,,,,
,,,,,549,5.0,5,,,,,,,,,,
,,,,,557,8.0,8,,,,,,,,,,
,,,,,565,8.0,8,,,,,,,,,,
,,,,,568,3.0,3,,,,,,,,,,
,,,,,572,4.0,4,,,,,,,,,,
,,,,,578,6.0,6,,,,,,,,,,
,,,,,582,4.0,4,,,,,,,,,,
,,,,,588,6.0,6,,,,,,,,,,
,,,,,592,4.0,4,,,,,,,,,,
,,,,,604,12.0,12,,,,,,,,,,
,,,,,614,10.0,10,,,,,,,,,,
,,,,,617,3.0,3,,,,,,,,,,
,,,,,623,6.0,6,,,,,,,,,,
,,,,,632,9.0,9,,,,,,,,,,
,,,,,635,3.0,3,,,,,,,,,,
,,,,,639,4.0,4,,,,,,,,,,
,,,,,644,5.0,5,,,,,,,,,,
,,,,,648,4.0,4,,,,,,,,,,
,,,,,657,9.0,9,,,,,,,,,,
,,,,,662,5.0,5,,,,,,,,,,
,,,,,667,5.0,5,,,,,,,,,,
,,,,,673,6.0,6,,,,,,,,,,
,,,,,680,7.0,7,,,,,,,,,,
,,,,,688,8.0,8,,,,,,,,,,
,,,,,691,3.0,3,,,,,,,,,,
,,,,,697,6.0,6,,,,,,,,,,
,,,,,712,15.0,15,,,,,,,,,,
,,,,,720,8.0,8,,,,,,,,,,
,,,,,727,7.0,7,,,,,,,,,,
,,,,,732,5.0,5,,,,,,,,,,
,,,,,735,3.0,3,,,,,,,,,,
,,,,,741,6.0,6,,,,,,,,,,
,,,,,746,5.0,5,,,,,,,,,,
,,,,,756,10.0,10,,,,,,,,,,
,,,,,759,3.0,3,,,,,,,,,,
,,,,,762,3.0,3,,,,,,,,,,
,,,,,772,10.0,10,,,,,,,,,,
,,,,,775,3.0,3,,,,,,,,,,
,,,,,780,5.0,5,,,,,,,,,,
,,,,,784,4.0,4,,,,,,,,,,
,,,,,794,10.0,10,,,,,,,,,,
,,,,,798,4.0,4,,,,,,,,,,
,,,,,801,3.0,3,,,,,,,,,,
,,,,,819,18.0,18,,,,,,,,,,
,,,,,824,5.0,5,,,,,,,,,,
,,,,,835,11.0,11,,,,,,,,,,
,,,,,840,5.0,5,,,,,,,,,,
,,,,,843,3.0,3,,,,,,,,,,
,,,,,848,5.0,5,,,,,,,,,,
,,,,,852,4.0,4,,,,,,,,,,
,,,,,856,4.0,4,,,,,,,,,,
,,,,,864,8.0,8,,,,,,,,,,
,,,,,872,8.0,8,,,,,,,,,,
,,,,,879,7.0,7,,,,,,,,,,
,,,,,882,3.0,3,,,,,,,,,,
,,,,,888,6.0,6,,,,,,,,,,
,,,,,893,5.0,5,,,,,,,,,,
,,,,,903,10.0,10,,,,,,,,,,
,,,,,907,4.0,4,,,,,,,,,,
,,,,,914,7.0,7,,,,,,,,,,
,,,,,918,4.0,4,,,,,,,,,,
,,,,,923,5.0,5,,,,,,,,,,
,,,,,926,3.0,3,,,,,,,,,,
,,,,,929,3.0,3,,,,,,,,,,
,,,,,933,4.0,4,,,,,,,,,,
,,,,,937,4.0,4,,,,,,,,,,
,,,,,946,9.0,9,,,,,,,,,,
,,,,,949,3.0,3,,,,,,,,,,
,,,,,956,7.0,7,,,,,,,,,,
,,,,,960,4.0,4,,,,,,,,,,
,,,,,966,6.0,6,,,,,,,,,,
,,,,,975,9.0,9,,,,,,,,,,
,,,,,996,21.0,21,,,,,,,,,,
,,,,,1003,7.0,7,,,,,,,,,,
,,,,,1011,8.0,8,,,,,,,,,,
,,,,,1017,6.0,6,,,,,,,,,,
,,,,,1022,5.0,5,,,,,,,,,,
,,,,,1028,6.0,6,,,,,,,,,,
,,,,,1041,13.0,13,,,,,,,,,,
,,,,,1045,4.0,4,,,,,,,,,,
,,,,,1048,3.0,3,,,,,,,,,,
,,,,,1053,5.0,5,,,,,,,,,,
,,,,,1057,4.0,4,,,,,,,,,,
,,,,,1083,26.0,26,,,,,,,,,,
,,,,,1093,10.0,10,,,,,,,,,,
,,,,,1099,6.0,6,,,,,,,,,,
,,,,,1103,4.0,4,,,,,,,,,,
,,,,,1108,5.0,5,,,,,,,,,,
,,,,,1111,3.0,3,,,,,,,,,,
,,,,,1127,16.0,16,,,,,,,,,,
,,,,,1132,5.0,5,,,,,,,,,,
,,,,,1136,4.0,4,,,,,,,,,,
,,,,,1141,5.0,5,,,,,,,,,,
,,,,,1146,5.0,5,,,,,,,,,,
,,,,,1155,9.0,9,,,,,,,,,,
,,,,,1163,8.0,8,,,,,,,,,,
,,,,,1173,10.0,10,,,,,,,,,,
,,,,,1179,6.0,6,,,,,,,,,,
,,,,,1183,4.0,4,,,,,,,,,,
,,,,,1200,17.0,17,,,,,,,,,,
,,,,,1204,4.0,4,,,,,,,,,,
,,,,,1208,4.0,4,,,,,,,,,,
,,,,,1220,12.0,12,,,,,,,,,,
,,,,,1223,3.0,3,,,,,,,,,,
,,,,,1228,5.0,5,,,,,,,,,,
,,,,,1232,4.0,4,,,,,,,,,,
,,,,,1237,5.0,5,,,,,,,,,,
,,,,,1244,7.0,7,,,,,,,,,,
,,,,,1247,3.0,3,,,,,,,,,,
,,,,,1251,4.0,4,,,,,,,,,,
,,,,,1263,12.0,12,,,,,,,,,,
,,,,,1268,5.0,5,,,,,,,,,,
,,,,,1272,4.0,4,,,,,,,,,,
,,,,,1277,5.0,5,,,,,,,,,,
,,,,,1287,10.0,10,,,,,,,,,,
,,,,,1290,3.0,3,,,,,,,,,,
,,,,,1297,7.0,7,,,,,,,,,,
,,,,,1303,6.0,6,,,,,,,,,,
,,,,,1306,3.0,3,,,,,,,,,,
,,,,,1326,20.0,20,,,,,,,,,,
,,,,,1329,3.0,3,,,,,,,,,,
,,,,,1342,13.0,13,,,,,,,,,,
,,,,,1354,12.0,12,,,,,,,,,,
,,,,,1362,8.0,8,,,,,,,,,,
,,,,,1365,3.0,3,,,,,,,,,,
,,,,,1380,15.0,15,,,,,,,,,,
,,,,,1385,5.0,5,,,,,,,,,,
,,,,,1395,10.0,10,,,,,,,,,,
,,,,,1401,6.0,6,,,,,,,,,,
,,,,,1427,26.0,26,,,,,,,,,,
,,,,,1432,5.0,5,,,,,,,,,,
,,,,,1437,5.0,5,,,,,,,,,,
,,,,,1441,4.0,4,,,,,,,,,,
,,,,,1452,11.0,11,,,,,,,,,,
,,,,,1460,8.0,8,,,,,,,,,,
,,,,,1473,13.0,13,,,,,,,,,,
,,,,,1478,5.0,5,,,,,,,,,,
,,,,,1487,9.0,9,,,,,,,,,,
,,,,,1492,5.0,5,,,,,,,,,,
,,,,,1500,8.0,8,,,,,,,,,,
,,,,,1513,13.0,13,,,,,,,,,,
,,,,,1518,5.0,5,,,,,,,,,,
,,,,,1521,3.0,3,,,,,,,,,,
,,,,,1526,5.0,5,,,,,,,,,,
,,,,,1540,14.0,14,,,,,,,,,,
,,,,,1544,4.0,4,,,,,,,,,,
,,,,,1547,3.0,3,,,,,,,,,,
,,,,,1551,4.0,4,,,,,,,,,,
,,,,,1555,4.0,4,,,,,,,,,,
,,,,,1561,6.0,6,,,,,,,,,,
,,,,,1564,3.0,3,,,,,,,,,,
,,,,,1570,6.0,6,,,,,,,,,,
,,,,,1580,10.0,10,,,,,,,,,,
,,,,,1588,8.0,8,,,,,,,,,,
,,,,,1592,4.0,4,,,,,,,,,,
,,,,,1611,19.0,19,,,,,,,,,,
,,,,,1614,3.0,3,,,,,,,,,,
,,,,,1621,7.0,7,,,,,,,,,,
,,,,,1633,12.0,12,,,,,,,,,,
,,,,,1636,3.0,3,,,,,,,,,,
,,,,,1643,7.0,7,,,,,,,,,,
,,,,,1647,4.0,4,,,,,,,,,,
,,,,,1654,7.0,7,,,,,,,,,,
,,,,,1660,6.0,6,,,,,,,,,,
,,,,,1665,5.0,5,,,,,,,,,,
,,,,,1670,5.0,5,,,,,,,,,,
,,,,,1673,3.0,3,,,,,,,,,,
,,,,,1682,9.0,9,,,,,,,,,,
,,,,,1696,14.0,14,,,,,,,,,,
,,,,,1704,8.0,8,,,,,,,,,,
,,,,,1709,5.0,5,,,,,,,,,,
,,,,,1714,5.0,5,,,,,,,,,,
,,,,,1724,10.0,10,,,,,,,,,,
,,,,,1731,7.0,7,,,,,,,,,,
,,,,,1737,6.0,6,,,,,,,,,,
,,,,,1741,4.0,4,,,,,,,,,,
,,,,,1745,4.0,4,,,,,,,,,,
,,,,,1751,6.0,6,,,,,,,,,,
,,,,,1757,6.0,6,,,,,,,,,,
,,,,,1777,20.0,20,,,,,,,,,,
,,,,,1781,4.0,4,,,,,,,,,,
,,,,,1786,5.0,5,,,,,,,,,,
,,,,,1789,3.0,3,,,,,,,,,,
,,,,,1793,4.0,4,,,,,,,,,,
,,,,,1802,9.0,9,,,,,,,,,,
,,,,,1805,3.0,3,,,,,,,,,,
,,,,,1808,3.0,3,,,,,,,,,,
,,,,,1818,10.0,10,,,,,,,,,,
,,,,,1824,6.0,6,,,,,,,,,,
,,,,,1831,7.0,7,,,,,,,,,,
,,,,,1835,4.0,4,,,,,,,,,,
,,,,,1838,3.0,3,,,,,,,,,,
,,,,,1848,10.0,10,,,,,,,,,,
,,,,,1855,7.0,7,,,,,,,,,,
,,,,,1862,7.0,7,,,,,,,,,,
,,,,,1866,4.0,4,,,,,,,,,,
,,,,,1870,4.0,4,,,,,,,,,,
,,,,,1877,7.0,7,,,,,,,,,,
,,,,,1881,4.0,4,,,,,,,,,,
,,,,,1886,5.0,5,,,,,,,,,,
,,,,,1900,14.0,14,,,,,,,,,,
,,,,,1907,7.0,7,,,,,,,,,,
,,,,,1912,5.0,5,,,,,,,,,,
,,,,,1918,6.0,6,,,,,,,,,,
,,,,,1922,4.0,4,,,,,,,,,,
,,,,,1925,3.0,3,,,,,,,,,,
,,,,,1933,8.0,8,,,,,,,,,,
,,,,,1941,8.0,8,,,,,,,,,,
,,,,,1944,3.0,3,,,,,,,,,,
,,,,,1948,4.0,4,,,,,,,,,,
,,,,,1953,5.0,5,,,,,,,,,,
,,,,,1962,9.0,9,,,,,,,,,,
,,,,,1978,16.0,16,,,,,,,,,,
,,,,,1981,3.0,3,,,,,,,,,,
,,,,,2007,26.0,26,,,,,,,,,,
,,,,,2023,16.0,16,,,,,,,,,,
,,,,,2028,5.0,5,,,,,,,,,,
,,,,,2033,5.0,5,,,,,,,,,,
,,,,,2044,11.0,11,,,,,,,,,,
,,,,,2054,10.0,10,,,,,,,,,,
,,,,,2057,3.0,3,,,,,,,,,,
,,,,,2060,3.0,3,,,,,,,,,,
,,,,,2066,6.0,6,,,,,,,,,,
,,,,,2069,3.0,3,,,,,,,,,,
,,,,,2075,6.0,6,,,,,,,,,,
,,,,,2080,5.0,5,,,,,,,,,,
,,,,,2083,3.0,3,,,,,,,,,,
,,,,,2087,4.0,4,,,,,,,,,,
,,,,,2095,8.0,8,,,,,,,,,,
,,,,,2102,7.0,7,,,,,,,,,,
,,,,,2107,5.0,5,,,,,,,,,,
,,,,,2114,7.0,7,,,,,,,,,,
,,,,,2120,6.0,6,,,,,,,,,,
,,,,,2127,7.0,7,,,,,,,,,,
,,,,,2132,5.0,5,,,,,,,,,,
,,,,,2141,9.0,9,,,,,,,,,,
,,,,,2144,3.0,3,,,,,,,,,,
,,,,,2147,3.0,3,,,,,,,,,,
,,,,,2156,9.0,9,,,,,,,,,,
,,,,,2162,6.0,6,,,,,,,,,,
,,,,,2168,6.0,6,,,,,,,,,,
,,,,,2184,16.0,16,,,,,,,,,,
,,,,,2192,8.0,8,,,,,,,,,,
,,,,,2201,9.0,9,,,,,,,,,,
,,,,,2204,3.0,3,,,,,,,,,,
,,,,,2208,4.0,4,,,,,,,,,,
,,,,,2213,5.0,5,,,,,,,,,,
,,,,,2218,5.0,5,,,,,,,,,,
,,,,,2223,5.0,5,,,,,,,,,,
,,,,,2231,8.0,8,,,,,,,,,,
,,,,,2237,6.0,6,,,,,,,,,,
,,,,,2241,4.0,4,,,,,,,,,,
,,,,,2246,5.0,5,,,,,,,,,,
,,,,,2251,5.0,5,,,,,,,,,,
,,,,,2262,11.0,11,,,,,,,,,,
,,,,,2268,6.0,6,,,,,,,,,,
,,,,,2272,4.0,4,,,,,,,,,,
,,,,,2276,4.0,4,,,,,,,,,,
,,,,,2279,3.0,3,,,,,,,,,,
,,,,,2284,5.0,5,,,,,,,,,,
,,,,,2290,6.0,6,,,,,,,,,,
,,,,,2294,4.0,4,,,,,,,,,,
,,,,,2299,5.0,5,,,,,,,,,,
,,,,,2312,13.0,13,,,,,,,,,,
,,,,,2316,4.0,4,,,,,,,,,,
,,,,,2340,24.0,24,,,,,,,,,,
,,,,,2343,3.0,3,,,,,,,,,,
,,,,,2346,3.0,3,,,,,,,,,,
,,,,,2349,3.0,3,,,,,,,,,,
,,,,,2354,5.0,5,,,,,,,,,,
,,,,,2357,3.0,3,,,,,,,,,,
,,,,,2365,8.0,8,,,,,,,,,,
,,,,,2368,3.0,3,,,,,,,,,,
,,,,,2371,3.0,3,,,,,,,,,,
,,,,,2375,4.0,4,,,,,,,,,,
,,,,,2380,5.0,5,,,,,,,,,,
,,,,,2385,5.0,5,,,,,,,,,,
,,,,,2391,6.0,6,,,,,,,,,,
,,,,,2395,4.0,4,,,,,,,,,,
,,,,,2399,4.0,4,,,,,,,,,,
,,,,,2407,8.0,8,,,,,,,,,,
,,,,,2416,9.0,9,,,,,,,,,,
,,,,,2424,8.0,8,,,,,,,,,,
,,,,,2430,6.0,6,,,,,,,,,,
,,,,,2435,5.0,5,,,,,,,,,,
,,,,,2443,8.0,8,,,,,,,,,,
,,,,,2447,4.0,4,,,,,,,,,,
,,,,,2453,6.0,6,,,,,,,,,,
,,,,,2467,14.0,14,,,,,,,,,,
,,,,,2473,6.0,6,,,,,,,,,,
,,,,,2480,7.0,7,,,,,,,,,,
,,,,,2488,8.0,8,,,,,,,,,,
,,,,,2497,9.0,9,,,,,,,,,,
,,,,,2511,14.0,14,,,,,,,,,,
,,,,,2515,4.0,4,,,,,,,,,,
,,,,,2521,6.0,6,,,,,,,,,,
,,,,,2533,12.0,12,,,,,,,,,,
,,,,,2541,8.0,8,,,,,,,,,,
,,,,,2550,9.0,9,,,,,,,,,,
,,,,,2559,9.0,9,,,,,,,,,,
,,,,,2567,8.0,8,,,,,,,,,,
,,,,,2570,3.0,3,,,,,,,,,,
,,,,,2581,11.0,11,,,,,,,,,,
,,,,,2584,3.0,3,,,,,,,,,,
,,,,,2591,7.0,7,,,,,,,,,,
,,,,,2595,4.0,4,,,,,,,,,,
,,,,,2607,12.0,12,,,,,,,,,,
,,,,,2619,12.0,12,,,,,,,,,,
,,,,,2623,4.0,4,,,,,,,,,,
,,,,,2626,3.0,3,,,,,,,,,,
,,,,,2629,3.0,3,,,,,,,,,,
,,,,,2632,3.0,3,,,,,,,,,,
,,,,,2636,4.0,4,,,,,,,,,,
,,,,,2648,12.0,12,,,,,,,,,,
,,,,,2652,4.0,4,,,,,,,,,,
,,,,,2658,6.0,6,,,,,,,,,,
,,,,,2661,3.0,3,,,,,,,,,,
,,,,,2666,5.0,5,,,,,,,,,,
,,,,,2671,5.0,5,,,,,,,,,,
,,,,,2680,9.0,9,,,,,,,,,,
,,,,,2685,5.0,5,,,,,,,,,,
,,,,,2688,3.0,3,,,,,,,,,,
,,,,,2693,5.0,5,,,,,,,,,,
,,,,,2702,9.0,9,,,,,,,,,,
,,,,,2708,6.0,6,,,,,,,,,,
,,,,,2713,5.0,5,,,,,,,,,,
,,,,,2721,8.0,8,,,,,,,,,,
,,,,,2726,5.0,5,,,,,,,,,,
,,,,,2733,7.0,7,,,,,,,,,,
,,,,,2751,18.0,18,,,,,,,,,,
,,,,,2755,4.0,4,,,,,,,,,,
,,,,,2767,12.0,12,,,,,,,,,,
,,,,,2773,6.0,6,,,,,,,,,,
,,,,,2776,3.0,3,,,,,,,,,,
,,,,,2782,6.0,6,,,,,,,,,,
,,,,,2788,6.0,6,,,,,,,,,,
,,,,,2791,3.0,3,,,,,,,,,,
,,,,,2799,8.0,8,,,,,,,,,,
,,,,,2805,6.0,6,,,,,,,,,,
,,,,,2817,12.0,12,,,,,,,,,,
,,,,,2823,6.0,6,,,,,,,,,,
,,,,,2834,11.0,11,,,,,,,,,,
,,,,,2838,4.0,4,,,,,,,,,,
,,,,,2843,5.0,5,,,,,,,,,,
,,,,,2850,7.0,7,,,,,,,,,,
,,,,,2856,6.0,6,,,,,,,,,,
,,,,,2862,6.0,6,,,,,,,,,,
,,,,,2867,5.0,5,,,,,,,,,,
,,,,,2870,3.0,3,,,,,,,,,,
,,,,,2875,5.0,5,,,,,,,,,,
,,,,,2881,6.0,6,,,,,,,,,,
,,,,,2896,15.0,15,,,,,,,,,,
,,,,,2900,4.0,4,,,,,,,,,,
,,,,,2905,5.0,5,,,,,,,,,,
,,,,,2910,5.0,5,,,,,,,,,,
,,,,,2914,4.0,4,,,,,,,,,,
,,,,,2921,7.0,7,,,,,,,,,,
,,,,,2933,12.0,12,,,,,,,,,,
,,,,,2949,16.0,16,,,,,,,,,,
,,,,,2960,11.0,11,,,,,,,,,,
,,,,,2971,11.0,11,,,,,,,,,,
,,,,,2979,8.0,8,,,,,,,,,,
,,,,,2982,3.0,3,,,,,,,,,,
,,,,,2988,6.0,6,,,,,,,,,,
,,,,,3001,13.0,13,,,,,,,,,,
,,,,,3005,4.0,4,,,,,,,,,,
,,,,,3009,4.0,4,,,,,,,,,,
,,,,,3014,5.0,5,,,,,,,,,,
,,,,,3024,10.0,10,,,,,,,,,,
,,,,,3032,8.0,8,,,,,,,,,,
,,,,,3037,5.0,5,,,,,,,,,,
,,,,,3048,11.0,11,,,,,,,,,,
,,,,,3052,4.0,4,,,,,,,,,,
,,,,,3058,6.0,6,,,,,,,,,,
,,,,,3063,5.0,5,,,,,,,,,,
,,,,,3072,9.0,9,,,,,,,,,,
,,,,,3083,11.0,11,,,,,,,,,,
,,,,,3094,11.0,11,,,,,,,,,,
,,,,,3104,10.0,10,,,,,,,,,,
,,,,,3108,4.0,4,,,,,,,,,,
,,,,,3116,8.0,8,,,,,,,,,,
,,,,,3129,13.0,13,,,,,,,,,,
,,,,,3139,10.0,10,,,,,,,,,,
,,,,,3143,4.0,4,,,,,,,,,,
,,,,,3147,4.0,4,,,,,,,,,,
,,,,,3154,7.0,7,,,,,,,,,,
,,,,,3162,8.0,8,,,,,,,,,,
,,,,,3165,3.0,3,,,,,,,,,,
,,,,,3171,6.0,6,,,,,,,,,,
,,,,,3176,5.0,5,,,,,,,,,,
,,,,,3179,3.0,3,,,,,,,,,,
,,,,,3184,5.0,5,,,,,,,,,,
,,,,,3187,3.0,3,,,,,,,,,,
,,,,,3194,7.0,7,,,,,,,,,,
,,,,,3204,10.0,10,,,,,,,,,,
,,,,,3208,4.0,4,,,,,,,,,,
,,,,,3213,5.0,5,,,,,,,,,,
,,,,,3235,22.0,22,,,,,,,,,,
,,,,,3243,8.0,8,,,,,,,,,,
,,,,,3246,3.0,3,,,,,,,,,,
,,,,,3253,7.0,7,,,,,,,,,,
,,,,,3258,5.0,5,,,,,,,,,,
,,,,,3262,4.0,4,,,,,,,,,,
,,,,,3266,4.0,4,,,,,,,,,,
,,,,,3270,4.0,4,,,,,,,,,,
,,,,,3276,6.0,6,,,,,,,,,,
,,,,,3290,14.0,14,,,,,,,,,,
,,,,,3297,7.0,7,,,,,,,,,,
,,,,,3302,5.0,5,,,,,,,,,,
,,,,,3305,3.0,3,,,,,,,,,,
,,,,,3314,9.0,9,,,,,,,,,,
,,,,,3324,10.0,10,,,,,,,,,,
,,,,,3328,4.0,4,,,,,,,,,,
,,,,,3339,11.0,11,,,,,,,,,,
,,,,,3343,4.0,4,,,,,,,,,,
,,,,,3351,8.0,8,,,,,,,,,,
,,,,,3356,5.0,5,,,,,,,,,,
,,,,,3360,4.0,4,,,,,,,,,,
,,,,,3372,12.0,12,,,,,,,,,,
,,,,,3376,4.0,4,,,,,,,,,,
,,,,,3381,5.0,5,,,,,,,,,,
,,,,,3384,3.0,3,,,,,,,,,,
,,,,,3405,21.0,21,,,,,,,,,,
,,,,,3413,8.0,8,,,,,,,,,,
,,,,,3418,5.0,5,,,,,,,,,,
,,,,,3421,3.0,3,,,,,,,,,,
,,,,,3431,10.0,10,,,,,,,,,,
,,,,,3446,15.0,15,,,,,,,,,,
,,,,,3450,4.0,4,,,,,,,,,,
,,,,,3458,8.0,8,,,,,,,,,,
,,,,,3465,7.0,7,,,,,,,,,,
,,,,,3471,6.0,6,,,,,,,,,,
,,,,,3476,5.0,5,,,,,,,,,,
,,,,,3480,4.0,4,,,,,,,,,,
,,,,,3490,10.0,10,,,,,,,,,,
,,,,,3493,3.0,3,,,,,,,,,,
,,,,,3496,3.0,3,,,,,,,,,,
,,,,,3509,13.0,13,,,,,,,,,,
,,,,,3521,12.0,12,,,,,,,,,,
,,,,,3526,5.0,5,,,,,,,,,,
,,,,,3534,8.0,8,,,,,,,,,,
,,,,,3537,3.0,3,,,,,,,,,,
,,,,,3542,5.0,5,,,,,,,,,,
,,,,,3545,3.0,3,,,,,,,,,,
,,,,,3550,5.0,5,,,,,,,,,,
,,,,,3562,12.0,12,,,,,,,,,,
,,,,,3568,6.0,6,,,,,,,,,,
,,,,,3572,4.0,4,,,,,,,,,,
,,,,,3580,8.0,8,,,,,,,,,,
,,,,,3584,4.0,4,,,,,,,,,,
,,,,,3588,4.0,4,,,,,,,,,,
,,,,,3595,7.0,7,,,,,,,,,,
,,,,,3601,6.0,6,,,,,,,,,,
,,,,,3604,3.0,3,,,,,,,,,,
,,,,,3609,5.0,5,,,,,,,,,,
,,,,,3612,3.0,3,,,,,,,,,,
,,,,,3626,14.0,14,,,,,,,,,,
,,,,,3638,12.0,12,,,,,,,,,,
,,,,,3660,22.0,22,,,,,,,,,,
,,,,,3665,5.0,5,,,,,,,,,,
,,,,,3669,4.0,4,,,,,,,,,,
,,,,,3679,10.0,10,,,,,,,,,,
,,,,,3684,5.0,5,,,,,,,,,,
,,,,,3690,6.0,6,,,,,,,,,,
,,,,,3694,4.0,4,,,,,,,,,,
,,,,,3698,4.0,4,,,,,,,,,,
,,,,,3704,6.0,6,,,,,,,,,,
,,,,,3709,5.0,5,,,,,,,,,,
,,,,,3715,6.0,6,,,,,,,,,,
,,,,,3719,4.0,4,,,,,,,,,,
,,,,,3723,4.0,4,,,,,,,,,,
,,,,,3729,6.0,6,,,,,,,,,,
,,,,,3732,3.0,3,,,,,,,,,,
,,,,,3735,3.0,3,,,,,,,,,,
,,,,,3750,15.0,15,,,,,,,,,,
,,,,,3754,4.0,4,,,,,,,,,,
,,,,,3761,7.0,7,,,,,,,,,,
,,,,,3773,12.0,12,,,,,,,,,,
,,,,,3780,7.0,7,,,,,,,,,,
,,,,,3789,9.0,9,,,,,,,,,,
,,,,,3795,6.0,6,,,,,,,,,,
,,,,,3801,6.0,6,,,,,,,,,,
,,,,,3804,3.0,3,,,,,,,,,,
,,,,,3809,5.0,5,,,,,,,,,,
,,,,,3820,11.0,11,,,,,,,,,,
,,,,,3826,6.0,6,,,,,,,,,,
,,,,,3835,9.0,9,,,,,,,,,,
,,,,,3840,5.0,5,,,,,,,,,,
,,,,,3845,5.0,5,,,,,,,,,,
,,,,,3864,19.0,19,,,,,,,,,,
,,,,,3869,5.0,5,,,,,,,,,,
,,,,,3876,7.0,7,,,,,,,,,,
,,,,,3896,20.0,20,,,,,,,,,,
,,,,,3905,9.0,9,,,,,,,,,,
,,,,,3908,3.0,3,,,,,,,,,,
,,,,,3912,4.0,4,,,,,,,,,,
,,,,,3915,3.0,3,,,,,,,,,,
,,,,,3921,6.0,6,,,,,,,,,,
,,,,,3931,10.0,10,,,,,,,,,,
,,,,,3936,5.0,5,,,,,,,,,,
,,,,,3943,7.0,7,,,,,,,,,,
,,,,,3948,5.0,5,,,,,,,,,,
,,,,,3953,5.0,5,,,,,,,,,,
,,,,,3964,11.0,11,,,,,,,,,,
,,,,,3979,15.0,15,,,,,,,,,,
,,,,,3991,12.0,12,,,,,,,,,,
,,,,,3999,8.0,8,,,,,,,,,,
,,,,,4005,6.0,6,,,,,,,,,,
,,,,,4009,4.0,4,,,,,,,,,,
,,,,,4013,4.0,4,,,,,,,,,,
,,,,,4018,5.0,5,,,,,,,,,,
,,,,,4024,6.0,6,,,,,,,,,,
,,,,,4035,11.0,11,,,,,,,,,,
,,,,,4040,5.0,5,,,,,,,,,,
,,,,,4044,4.0,4,,,,,,,,,,
,,,,,4061,17.0,17,,,,,,,,,,
,,,,,4064,3.0,3,,,,,,,,,,
,,,,,4069,5.0,5,,,,,,,,,,
,,,,,4082,13.0,13,,,,,,,,,,
,,,,,4095,13.0,13,,,,,,,,,,
,,,,,4112,17.0,17,,,,,,,,,,
,,,,,4120,8.0,8,,,,,,,,,,
,,,,,4125,5.0,5,,,,,,,,,,
,,,,,4134,9.0,9,,,,,,,,,,
,,,,,4152,18.0,18,,,,,,,,,,
,,,,,4158,6.0,6,,,,,,,,,,
,,,,,4164,6.0,6,,,,,,,,,,
,,,,,4167,3.0,3,,,,,,,,,,
,,,,,4176,9.0,9,,,,,,,,,,
,,,,,4180,4.0,4,,,,,,,,,,
,,,,,4184,4.0,4,,,,,,,,,,
,,,,,4195,11.0,11,,,,,,,,,,
,,,,,4200,5.0,5,,,,,,,,,,
,,,,,4206,6.0,6,,,,,,,,,,
,,,,,4209,3.0,3,,,,,,,,,,
,,,,,4218,9.0,9,,,,,,,,,,
,,,,,4227,9.0,9,,,,,,,,,,
,,,,,4231,4.0,4,,,,,,,,,,
,,,,,4235,4.0,4,,,,,,,,,,
,,,,,4243,8.0,8,,,,,,,,,,
,,,,,4251,8.0,8,,,,,,,,,,
,,,,,4260,9.0,9,,,,,,,,,,
,,,,,4265,5.0,5,,,,,,,,,,
,,,,,4269,4.0,4,,,,,,,,,,
,,,,,4273,4.0,4,,,,,,,,,,
,,,,,4277,4.0,4,,,,,,,,,,
,,,,,4282,5.0,5,,,,,,,,,,
,,,,,4287,5.0,5,,,,,,,,,,
,,,,,4296,9.0,9,,,,,,,,,,
,,,,,4299,3.0,3,,,,,,,,,,
,,,,,4303,4.0,4,,,,,,,,,,
,,,,,4307,4.0,4,,,,,,,,,,
,,,,,4313,6.0,6,,,,,,,,,,
,,,,,4316,3.0,3,,,,,,,,,,
,,,,,4321,5.0,5,,,,,,,,,,
,,,,,4326,5.0,5,,,,,,,,,,
,,,,,4331,5.0,5,,,,,,,,,,
,,,,,4342,11.0,11,,,,,,,,,,
,,,,,4354,12.0,12,,,,,,,,,,
,,,,,4359,5.0,5,,,,,,,,,,
,,,,,4362,3.0,3,,,,,,,,,,
,,,,,4370,8.0,8,,,,,,,,,,
,,,,,4386,16.0,16,,,,,,,,,,
,,,,,4411,25.0,25,,,,,,,,,,
,,,,,4417,6.0,6,,,,,,,,,,
,,,,,4426,9.0,9,,,,,,,,,,
,,,,,4432,6.0,6,,,,,,,,,,
,,,,,4441,9.0,9,,,,,,,,,,
,,,,,4448,7.0,7,,,,,,,,,,
,,,,,4454,6.0,6,,,,,,,,,,
,,,,,4464,10.0,10,,,,,,,,,,
,,,,,4471,7.0,7,,,,,,,,,,
,,,,,4500,29.0,29,,,,,,,,,,
,,,,,4504,4.0,4,,,,,,,,,,
,,,,,4518,14.0,14,,,,,,,,,,
,,,,,4522,4.0,4,,,,,,,,,,
,,,,,4533,11.0,11,,,,,,,,,,
,,,,,4536,3.0,3,,,,,,,,,,
,,,,,4545,9.0,9,,,,,,,,,,
,,,,,4548,3.0,3,,,,,,,,,,
,,,,,4552,4.0,4,,,,,,,,,,
,,,,,4558,6.0,6,,,,,,,,,,
,,,,,4562,4.0,4,,,,,,,,,,
,,,,,4566,4.0,4,,,,,,,,,,
,,,,,4571,5.0,5,,,,,,,,,,
,,,,,4576,5.0,5,,,,,,,,,,
,,,,,4594,18.0,18,,,,,,,,,,
,,,,,4598,4.0,4,,,,,,,,,,
,,,,,4622,24.0,24,,,,,,,,,,
,,,,,4631,9.0,9,,,,,,,,,,
,,,,,4634,3.0,3,,,,,,,,,,
,,,,,4638,4.0,4,,,,,,,,,,
,,,,,4641,3.0,3,,,,,,,,,,
,,,,,4645,4.0,4,,,,,,,,,,
,,,,,4653,8.0,8,,,,,,,,,,
,,,,,4657,4.0,4,,,,,,,,,,
,,,,,4688,31.0,31,,,,,,,,,,
,,,,,4693,5.0,5,,,,,,,,,,
,,,,,4710,17.0,17,,,,,,,,,,
,,,,,4726,16.0,16,,,,,,,,,,
,,,,,4736,10.0,10,,,,,,,,,,
,,,,,4745,9.0,9,,,,,,,,,,
,,,,,4756,11.0,11,,,,,,,,,,
,,,,,4759,3.0,3,,,,,,,,,,
,,,,,4762,3.0,3,,,,,,,,,,
,,,,,4768,6.0,6,,,,,,,,,,
,,,,,4772,4.0,4,,,,,,,,,,
,,,,,4776,4.0,4,,,,,,,,,,
,,,,,4788,12.0,12,,,,,,,,,,
,,,,,4792,4.0,4,,,,,,,,,,
,,,,,4799,7.0,7,,,,,,,,,,
,,,,,4809,10.0,10,,,,,,,,,,
,,,,,4814,5.0,5,,,,,,,,,,
,,,,,4827,13.0,13,,,,,,,,,,
,,,,,4831,4.0,4,,,,,,,,,,
,,,,,4836,5.0,5,,,,,,,,,,
,,,,,4840,4.0,4,,,,,,,,,,
,,,,,4847,7.0,7,,,,,,,,,,
,,,,,4852,5.0,5,,,,,,,,,,
,,,,,4855,3.0,3,,,,,,,,,,
,,,,,4858,3.0,3,,,,,,,,,,
,,,,,4870,12.0,12,,,,,,,,,,
,,,,,4877,7.0,7,,,,,,,,,,
,,,,,4880,3.0,3,,,,,,,,,,
,,,,,4887,7.0,7,,,,,,,,,,
,,,,,4892,5.0,5,,,,,,,,,,
,,,,,4899,7.0,7,,,,,,,,,,
,,,,,4907,8.0,8,,,,,,,,,,
,,,,,4919,12.0,12,,,,,,,,,,
,,,,,4927,8.0,8,,,,,,,,,,
,,,,,4936,9.0,9,,,,,,,,,,
,,,,,4943,7.0,7,,,,,,,,,,
,,,,,4950,7.0,7,,,,,,,,,,
,,,,,4970,20.0,20,,,,,,,,,,
,,,,,4975,5.0,5,,,,,,,,,,
,,,,,4981,6.0,6,,,,,,,,,,
,,,,,4998,17.0,17,,,,,,,,,,
6.6,3.4409301,14.0,3.0,6.6,5000,,,-0.13896618783473969,0.6464685797691345,1.106513261795044,0.0548492893576622,1.1052398681640625,0.09999999403953552,0.1655198037624359,0.0003,0.0003,0.09999001026153564
,,,,,5001,3.0,3,,,,,,,,,,
,,,,,5013,12.0,12,,,,,,,,,,
,,,,,5016,3.0,3,,,,,,,,,,
,,,,,5021,5.0,5,,,,,,,,,,
,,,,,5025,4.0,4,,,,,,,,,,
,,,,,5029,4.0,4,,,,,,,,,,
,,,,,5036,7.0,7,,,,,,,,,,
,,,,,5042,6.0,6,,,,,,,,,,
,,,,,5048,6.0,6,,,,,,,,,,
,,,,,5052,4.0,4,,,,,,,,,,
,,,,,5056,4.0,4,,,,,,,,,,
,,,,,5059,3.0,3,,,,,,,,,,
,,,,,5062,3.0,3,,,,,,,,,,
,,,,,5067,5.0,5,,,,,,,,,,
,,,,,5072,5.0,5,,,,,,,,,,
,,,,,5078,6.0,6,,,,,,,,,,
,,,,,5083,5.0,5,,,,,,,,,,
,,,,,5105,22.0,22,,,,,,,,,,
,,,,,5108,3.0,3,,,,,,,,,,
,,,,,5114,6.0,6,,,,,,,,,,
,,,,,5120,6.0,6,,,,,,,,,,
,,,,,5139,19.0,19,,,,,,,,,,
,,,,,5144,5.0,5,,,,,,,,,,
,,,,,5153,9.0,9,,,,,,,,,,
,,,,,5167,14.0,14,,,,,,,,,,
,,,,,5170,3.0,3,,,,,,,,,,
,,,,,5174,4.0,4,,,,,,,,,,
,,,,,5182,8.0,8,,,,,,,,,,
,,,,,5185,3.0,3,,,,,,,,,,
,,,,,5188,3.0,3,,,,,,,,,,
,,,,,5194,6.0,6,,,,,,,,,,
,,,,,5205,11.0,11,,,,,,,,,,
,,,,,5214,9.0,9,,,,,,,,,,
,,,,,5218,4.0,4,,,,,,,,,,
,,,,,5223,5.0,5,,,,,,,,,,
,,,,,5228,5.0,5,,,,,,,,,,
,,,,,5232,4.0,4,,,,,,,,,,
,,,,,5237,5.0,5,,,,,,,,,,
,,,,,5242,5.0,5,,,,,,,,,,
,,,,,5247,5.0,5,,,,,,,,,,
,,,,,5251,4.0,4,,,,,,,,,,
,,,,,5270,19.0,19,,,,,,,,,,
,,,,,5277,7.0,7,,,,,,,,,,
,,,,,5284,7.0,7,,,,,,,,,,
,,,,,5289,5.0,5,,,,,,,,,,
,,,,,5296,7.0,7,,,,,,,,,,
,,,,,5306,10.0,10,,,,,,,,,,
,,,,,5313,7.0,7,,,,,,,,,,
,,,,,5317,4.0,4,,,,,,,,,,
,,,,,5325,8.0,8,,,,,,,,,,
,,,,,5335,10.0,10,,,,,,,,,,
,,,,,5351,16.0,16,,,,,,,,,,
,,,,,5364,13.0,13,,,,,,,,,,
,,,,,5372,8.0,8,,,,,,,,,,
,,,,,5376,4.0,4,,,,,,,,,,
,,,,,5381,5.0,5,,,,,,,,,,
,,,,,5397,16.0,16,,,,,,,,,,
,,,,,5402,5.0,5,,,,,,,,,,
,,,,,5423,21.0,21,,,,,,,,,,
,,,,,5457,34.0,34,,,,,,,,,,
,,,,,5465,8.0,8,,,,,,,,,,
,,,,,5484,19.0,19,,,,,,,,,,
,,,,,5514,30.0,30,,,,,,,,,,
,,,,,5527,13.0,13,,,,,,,,,,
,,,,,5552,25.0,25,,,,,,,,,,
,,,,,5586,34.0,34,,,,,,,,,,
,,,,,5622,36.0,36,,,,,,,,,,
,,,,,5640,18.0,18,,,,,,,,,,
,,,,,5695,55.0,55,,,,,,,,,,
,,,,,5751,56.0,56,,,,,,,,,,
,,,,,5798,47.0,47,,,,,,,,,,
,,,,,5828,30.0,30,,,,,,,,,,
,,,,,5875,47.0,47,,,,,,,,,,
,,,,,5908,33.0,33,,,,,,,,,,
,,,,,5950,42.0,42,,,,,,,,,,
,,,,,5985,35.0,35,,,,,,,,,,
,,,,,6000,,,-4.800750732421875,-0.6970044374465942,0.9102360010147095,4.220158576965332,4.209962368011475,0.0928659588098526,0.04147745296359062,0.0003,0.0003,0.09286212921142578
,,,,,6069,84.0,84,,,,,,,,,,
,,,,,6125,56.0,56,,,,,,,,,,
,,,,,6162,37.0,37,,,,,,,,,,
,,,,,6199,37.0,37,,,,,,,,,,
,,,,,6242,43.0,43,,,,,,,,,,
,,,,,6282,40.0,40,,,,,,,,,,
,,,,,6339,57.0,57,,,,,,,,,,
,,,,,6388,49.0,49,,,,,,,,,,
,,,,,6457,69.0,69,,,,,,,,,,
,,,,,6496,39.0,39,,,,,,,,,,
,,,,,6541,45.0,45,,,,,,,,,,
,,,,,6581,40.0,40,,,,,,,,,,
,,,,,6651,70.0,70,,,,,,,,,,
,,,,,6703,52.0,52,,,,,,,,,,
,,,,,6748,45.0,45,,,,,,,,,,
,,,,,6824,76.0,76,,,,,,,,,,
,,,,,6884,60.0,60,,,,,,,,,,
,,,,,6946,62.0,62,,,,,,,,,,
,,,,,7000,,,-9.681904792785645,-0.9189323782920837,1.0035128593444824,8.597909927368164,8.78043270111084,0.09016169607639313,0.01712949387729168,0.0003,0.0003,0.09016088396310806
,,,,,7008,62.0,62,,,,,,,,,,
,,,,,7104,96.0,96,,,,,,,,,,
,,,,,7170,66.0,66,,,,,,,,,,
,,,,,7234,64.0,64,,,,,,,,,,
,,,,,7297,63.0,63,,,,,,,,,,
,,,,,7422,125.0,125,,,,,,,,,,
,,,,,7496,74.0,74,,,,,,,,,,
,,,,,7572,76.0,76,,,,,,,,,,
,,,,,7643,71.0,71,,,,,,,,,,
,,,,,7715,72.0,72,,,,,,,,,,
,,,,,7802,87.0,87,,,,,,,,,,
,,,,,7874,72.0,72,,,,,,,,,,
,,,,,7971,97.0,97,,,,,,,,,,
,,,,,8000,,,-14.588762283325195,-0.7817738652229309,2.365767478942871,12.971921920776367,12.796058654785156,0.08852418512105942,0.019197775050997734,0.0003,0.0003,0.08852038532495499
,,,,,8099,128.0,128,,,,,,,,,,
,,,,,8196,97.0,97,,,,,,,,,,
,,,,,8306,110.0,110,,,,,,,,,,
,,,,,8385,79.0,79,,,,,,,,,,
,,,,,8478,93.0,93,,,,,,,,,,
,,,,,8561,83.0,83,,,,,,,,,,
,,,,,8676,115.0,115,,,,,,,,,,
,,,,,8763,87.0,87,,,,,,,,,,
,,,,,8839,76.0,76,,,,,,,,,,
,,,,,8922,83.0,83,,,,,,,,,,
,,,,,9000,,,-19.474756240844727,-0.8951907157897949,4.375138282775879,17.53658103942871,17.373550415039062,0.08355334401130676,0.017141347751021385,0.0003,0.0003,0.08354617655277252
,,,,,9001,79.0,79,,,,,,,,,,
,,,,,9067,66.0,66,,,,,,,,,,
,,,,,9137,70.0,70,,,,,,,,,,
,,,,,9212,75.0,75,,,,,,,,,,
,,,,,9291,79.0,79,,,,,,,,,,
,,,,,9382,91.0,91,,,,,,,,,,
,,,,,9460,78.0,78,,,,,,,,,,
,,,,,9539,79.0,79,,,,,,,,,,
,,,,,9614,75.0,75,,,,,,,,,,
,,,,,9677,63.0,63,,,,,,,,,,
,,,,,9752,75.0,75,,,,,,,,,,
,,,,,9816,64.0,64,,,,,,,,,,
,,,,,9885,69.0,69,,,,,,,,,,
,,,,,9947,62.0,62,,,,,,,,,,
63.9,6.549046,77.0,54.0,63.9,10000,,,-23.472644805908203,-1.0500411987304688,8.703703880310059,21.16811752319336,21.09063148498535,0.0764685571193695,0.006311776582151651,0.0003,0.0003,0.07646151632070541
,,,,,10007,60.0,60,,,,,,,,,,
,,,,,10070,63.0,63,,,,,,,,,,
,,,,,10142,72.0,72,,,,,,,,,,
,,,,,10207,65.0,65,,,,,,,,,,
,,,,,10270,63.0,63,,,,,,,,,,
,,,,,10330,60.0,60,,,,,,,,,,
,,,,,10403,73.0,73,,,,,,,,,,
,,,,,10473,70.0,70,,,,,,,,,,
,,,,,10545,72.0,72,,,,,,,,,,
,,,,,10613,68.0,68,,,,,,,,,,
,,,,,10689,76.0,76,,,,,,,,,,
,,,,,10760,71.0,71,,,,,,,,,,
,,,,,10837,77.0,77,,,,,,,,,,
,,,,,10917,80.0,80,,,,,,,,,,
,,,,,10992,75.0,75,,,,,,,,,,
,,,,,11000,,,-27.613313674926758,-0.8122597336769104,7.8008503913879395,25.406692504882812,25.332822799682617,0.069810651242733,0.014992846176028252,0.0003,0.0003,0.06980402767658234
,,,,,11059,67.0,67,,,,,,,,,,
,,,,,11132,73.0,73,,,,,,,,,,
,,,,,11198,66.0,66,,,,,,,,,,
,,,,,11264,66.0,66,,,,,,,,,,
,,,,,11337,73.0,73,,,,,,,,,,
,,,,,11401,64.0,64,,,,,,,,,,
,,,,,11493,92.0,92,,,,,,,,,,
,,,,,11575,82.0,82,,,,,,,,,,
,,,,,11638,63.0,63,,,,,,,,,,
,,,,,11727,89.0,89,,,,,,,,,,
,,,,,11914,187.0,187,,,,,,,,,,
,,,,,11992,78.0,78,,,,,,,,,,
,,,,,12000,,,-31.19698143005371,-0.7428363561630249,7.43470573425293,29.13502311706543,29.191207885742188,0.06414709240198135,0.01719317026436329,0.0003,0.0003,0.06414137035608292
,,,,,12064,72.0,72,,,,,,,,,,
,,,,,12146,82.0,82,,,,,,,,,,
,,,,,12234,88.0,88,,,,,,,,,,
,,,,,12300,66.0,66,,,,,,,,,,
,,,,,12431,131.0,131,,,,,,,,,,
,,,,,12500,69.0,69,,,,,,,,,,
,,,,,12612,112.0,112,,,,,,,,,,
,,,,,12684,72.0,72,,,,,,,,,,
,,,,,12779,95.0,95,,,,,,,,,,
,,,,,12863,84.0,84,,,,,,,,,,
,,,,,12948,85.0,85,,,,,,,,,,
,,,,,13000,,,-35.08147430419922,-0.6528812646865845,16.10162353515625,33.294189453125,33.15501022338867,0.05901595205068588,0.013520659878849983,0.0003,0.0003,0.05901174619793892
,,,,,13052,104.0,104,,,,,,,,,,
,,,,,13166,114.0,114,,,,,,,,,,
,,,,,13244,78.0,78,,,,,,,,,,
,,,,,13333,89.0,89,,,,,,,,,,
,,,,,13419,86.0,86,,,,,,,,,,
,,,,,13497,78.0,78,,,,,,,,,,
,,,,,13588,91.0,91,,,,,,,,,,
,,,,,13665,77.0,77,,,,,,,,,,
,,,,,13736,71.0,71,,,,,,,,,,
,,,,,13810,74.0,74,,,,,,,,,,
,,,,,13896,86.0,86,,,,,,,,,,
,,,,,13967,71.0,71,,,,,,,,,,
,,,,,14000,,,-37.92939758300781,-0.5253801345825195,10.85816764831543,35.070823669433594,35.17726135253906,0.05432387441396713,0.0276130810379982,0.0003,0.0003,0.05431871861219406
,,,,,14043,76.0,76,,,,,,,,,,
,,,,,14111,68.0,68,,,,,,,,,,
,,,,,14174,63.0,63,,,,,,,,,,
,,,,,14229,55.0,55,,,,,,,,,,
,,,,,14292,63.0,63,,,,,,,,,,
,,,,,14350,58.0,58,,,,,,,,,,
,,,,,14412,62.0,62,,,,,,,,,,
,,,,,14486,74.0,74,,,,,,,,,,
,,,,,14543,57.0,57,,,,,,,,,,
,,,,,14613,70.0,70,,,,,,,,,,
,,,,,14674,61.0,61,,,,,,,,,,
,,,,,14734,60.0,60,,,,,,,,,,
,,,,,14785,51.0,51,,,,,,,,,,
,,,,,14846,61.0,61,,,,,,,,,,
,,,,,14903,57.0,57,,,,,,,,,,
,,,,,14964,61.0,61,,,,,,,,,,
59.5,3.442383,66.0,55.0,59.5,15000,,,-41.75374221801758,-0.6451731324195862,5.143251895904541,39.14692306518555,39.15373611450195,0.05095010623335838,0.025552567094564438,0.0003,0.0003,0.05094698444008827
,,,,,15022,58.0,58,,,,,,,,,,
,,,,,15078,56.0,56,,,,,,,,,,
,,,,,15135,57.0,57,,,,,,,,,,
,,,,,15196,61.0,61,,,,,,,,,,
,,,,,15255,59.0,59,,,,,,,,,,
,,,,,15313,58.0,58,,,,,,,,,,
,,,,,15366,53.0,53,,,,,,,,,,
,,,,,15422,56.0,56,,,,,,,,,,
,,,,,15475,53.0,53,,,,,,,,,,
,,,,,15533,58.0,58,,,,,,,,,,
,,,,,15587,54.0,54,,,,,,,,,,
,,,,,15647,60.0,60,,,,,,,,,,
,,,,,15703,56.0,56,,,,,,,,,,
,,,,,15758,55.0,55,,,,,,,,,,
,,,,,15814,56.0,56,,,,,,,,,,
,,,,,15875,61.0,61,,,,,,,,,,
,,,,,15930,55.0,55,,,,,,,,,,
,,,,,15992,62.0,62,,,,,,,,,,
,,,,,16000,,,-43.156341552734375,-1.041580080986023,3.8429412841796875,40.43952178955078,40.46661376953125,0.05015139654278755,-0.0016507217660546303,0.0003,0.0003,0.05015066638588905
,,,,,16050,58.0,58,,,,,,,,,,
,,,,,16104,54.0,54,,,,,,,,,,
,,,,,16161,57.0,57,,,,,,,,,,
,,,,,16218,57.0,57,,,,,,,,,,
,,,,,16276,58.0,58,,,,,,,,,,
,,,,,16331,55.0,55,,,,,,,,,,
,,,,,16391,60.0,60,,,,,,,,,,
,,,,,16446,55.0,55,,,,,,,,,,
,,,,,16517,71.0,71,,,,,,,,,,
,,,,,16570,53.0,53,,,,,,,,,,
,,,,,16627,57.0,57,,,,,,,,,,
,,,,,16680,53.0,53,,,,,,,,,,
,,,,,16736,56.0,56,,,,,,,,,,
,,,,,16790,54.0,54,,,,,,,,,,
,,,,,16842,52.0,52,,,,,,,,,,
,,,,,16897,55.0,55,,,,,,,,,,
,,,,,16949,52.0,52,,,,,,,,,,
,,,,,17000,,,-45.60195541381836,-1.160888433456421,11.680400848388672,43.1111946105957,42.983638763427734,0.05077935755252838,-0.011875780299305916,0.0003,0.0003,0.05078234523534775
,,,,,17007,58.0,58,,,,,,,,,,
,,,,,17060,53.0,53,,,,,,,,,,
,,,,,17116,56.0,56,,,,,,,,,,
,,,,,17173,57.0,57,,,,,,,,,,
,,,,,17230,57.0,57,,,,,,,,,,
,,,,,17286,56.0,56,,,,,,,,,,
,,,,,17342,56.0,56,,,,,,,,,,
,,,,,17391,49.0,49,,,,,,,,,,
,,,,,17443,52.0,52,,,,,,,,,,
,,,,,17497,54.0,54,,,,,,,,,,
,,,,,17553,56.0,56,,,,,,,,,,
,,,,,17606,53.0,53,,,,,,,,,,
,,,,,17659,53.0,53,,,,,,,,,,
,,,,,17711,52.0,52,,,,,,,,,,
,,,,,17763,52.0,52,,,,,,,,,,
,,,,,17814,51.0,51,,,,,,,,,,
,,,,,17863,49.0,49,,,,,,,,,,
,,,,,17916,53.0,53,,,,,,,,,,
,,,,,17971,55.0,55,,,,,,,,,,
,,,,,18000,,,-46.44742965698242,-1.2431846857070923,8.483448028564453,42.95075607299805,42.63822555541992,0.051917463541030884,-0.01609073393046856,0.0003,0.0003,0.051917921751737595
,,,,,18023,52.0,52,,,,,,,,,,
,,,,,18077,54.0,54,,,,,,,,,,
,,,,,18128,51.0,51,,,,,,,,,,
,,,,,18184,56.0,56,,,,,,,,,,
,,,,,18237,53.0,53,,,,,,,,,,
,,,,,18295,58.0,58,,,,,,,,,,
,,,,,18348,53.0,53,,,,,,,,,,
,,,,,18402,54.0,54,,,,,,,,,,
,,,,,18454,52.0,52,,,,,,,,,,
,,,,,18506,52.0,52,,,,,,,,,,
,,,,,18557,51.0,51,,,,,,,,,,
,,,,,18607,50.0,50,,,,,,,,,,
,,,,,18655,48.0,48,,,,,,,,,,
,,,,,18704,49.0,49,,,,,,,,,,
,,,,,18755,51.0,51,,,,,,,,,,
,,,,,18804,49.0,49,,,,,,,,,,
,,,,,18852,48.0,48,,,,,,,,,,
,,,,,18903,51.0,51,,,,,,,,,,
,,,,,18951,48.0,48,,,,,,,,,,
,,,,,19000,,,-51.689361572265625,-1.0841351747512817,8.076336860656738,49.01488494873047,49.205291748046875,0.05455540120601654,0.004219727590680122,0.0003,0.0003,0.054558925330638885
,,,,,19002,51.0,51,,,,,,,,,,
,,,,,19051,49.0,49,,,,,,,,,,
,,,,,19098,47.0,47,,,,,,,,,,
,,,,,19150,52.0,52,,,,,,,,,,
,,,,,19196,46.0,46,,,,,,,,,,
,,,,,19240,44.0,44,,,,,,,,,,
,,,,,19286,46.0,46,,,,,,,,,,
,,,,,19338,52.0,52,,,,,,,,,,
,,,,,19383,45.0,45,,,,,,,,,,
,,,,,19429,46.0,46,,,,,,,,,,
,,,,,19475,46.0,46,,,,,,,,,,
,,,,,19520,45.0,45,,,,,,,,,,
,,,,,19567,47.0,47,,,,,,,,,,
,,,,,19614,47.0,47,,,,,,,,,,
,,,,,19658,44.0,44,,,,,,,,,,
,,,,,19699,41.0,41,,,,,,,,,,
,,,,,19742,43.0,43,,,,,,,,,,
,,,,,19786,44.0,44,,,,,,,,,,
,,,,,19830,44.0,44,,,,,,,,,,
,,,,,19873,43.0,43,,,,,,,,,,
,,,,,19918,45.0,45,,,,,,,,,,
,,,,,19962,44.0,44,,,,,,,,,,
44.9,0.8306624,47.0,44.0,44.9,20000,,,-53.020938873291016,-1.4074879884719849,7.787329196929932,49.347503662109375,49.08518981933594,0.0613032691180706,-0.017276430502533913,0.0003,0.0003,0.061313122510910034
,,,,,20006,44.0,44,,,,,,,,,,
,,,,,20050,44.0,44,,,,,,,,,,
,,,,,20094,44.0,44,,,,,,,,,,
,,,,,20138,44.0,44,,,,,,,,,,
,,,,,20182,44.0,44,,,,,,,,,,
,,,,,20229,47.0,47,,,,,,,,,,
,,,,,20272,43.0,43,,,,,,,,,,
,,,,,20314,42.0,42,,,,,,,,,,
,,,,,20358,44.0,44,,,,,,,,,,
,,,,,20404,46.0,46,,,,,,,,,,
,,,,,20448,44.0,44,,,,,,,,,,
,,,,,20493,45.0,45,,,,,,,,,,
,,,,,20537,44.0,44,,,,,,,,,,
,,,,,20581,44.0,44,,,,,,,,,,
,,,,,20625,44.0,44,,,,,,,,,,
,,,,,20669,44.0,44,,,,,,,,,,
,,,,,20715,46.0,46,,,,,,,,,,
,,,,,20760,45.0,45,,,,,,,,,,
,,,,,20804,44.0,44,,,,,,,,,,
,,,,,20848,44.0,44,,,,,,,,,,
,,,,,20892,44.0,44,,,,,,,,,,
,,,,,20936,44.0,44,,,,,,,,,,
,,,,,20982,46.0,46,,,,,,,,,,
,,,,,21000,,,-54.740623474121094,-1.519796371459961,12.355155944824219,52.990379333496094,52.992835998535156,0.0692451074719429,-0.02108062617480755,0.0003,0.0003,0.06925208866596222
,,,,,21028,46.0,46,,,,,,,,,,
,,,,,21074,46.0,46,,,,,,,,,,
,,,,,21119,45.0,45,,,,,,,,,,
,,,,,21164,45.0,45,,,,,,,,,,
,,,,,21209,45.0,45,,,,,,,,,,
,,,,,21254,45.0,45,,,,,,,,,,
,,,,,21300,46.0,46,,,,,,,,,,
,,,,,21347,47.0,47,,,,,,,,,,
,,,,,21393,46.0,46,,,,,,,,,,
,,,,,21438,45.0,45,,,,,,,,,,
,,,,,21484,46.0,46,,,,,,,,,,
,,,,,21532,48.0,48,,,,,,,,,,
,,,,,21580,48.0,48,,,,,,,,,,
,,,,,21628,48.0,48,,,,,,,,,,
,,,,,21676,48.0,48,,,,,,,,,,
,,,,,21724,48.0,48,,,,,,,,,,
,,,,,21774,50.0,50,,,,,,,,,,
,,,,,21823,49.0,49,,,,,,,,,,
,,,,,21872,49.0,49,,,,,,,,,,
,,,,,21921,49.0,49,,,,,,,,,,
,,,,,21970,49.0,49,,,,,,,,,,
,,,,,22000,,,-54.59806823730469,-1.3928810358047485,11.825606346130371,51.50994873046875,51.54221725463867,0.07680995762348175,-0.031138673424720764,0.0003,0.0003,0.07681847363710403
,,,,,22019,49.0,49,,,,,,,,,,
,,,,,22068,49.0,49,,,,,,,,,,
,,,,,22118,50.0,50,,,,,,,,,,
,,,,,22167,49.0,49,,,,,,,,,,
,,,,,22218,51.0,51,,,,,,,,,,
,,,,,22269,51.0,51,,,,,,,,,,
,,,,,22318,49.0,49,,,,,,,,,,
,,,,,22367,49.0,49,,,,,,,,,,
,,,,,22419,52.0,52,,,,,,,,,,
,,,,,22472,53.0,53,,,,,,,,,,
,,,,,22526,54.0,54,,,,,,,,,,
,,,,,22580,54.0,54,,,,,,,,,,
,,,,,22636,56.0,56,,,,,,,,,,
,,,,,22694,58.0,58,,,,,,,,,,
,,,,,22755,61.0,61,,,,,,,,,,
,,,,,22816,61.0,61,,,,,,,,,,
,,,,,22873,57.0,57,,,,,,,,,,
,,,,,22927,54.0,54,,,,,,,,,,
,,,,,22985,58.0,58,,,,,,,,,,
,,,,,23000,,,-58.438636779785156,-1.02591073513031,19.475181579589844,56.958961486816406,56.90948486328125,0.08337917923927307,-0.014891781844198704,0.0003,0.0003,0.08338363468647003
,,,,,23044,59.0,59,,,,,,,,,,
,,,,,23101,57.0,57,,,,,,,,,,
,,,,,23160,59.0,59,,,,,,,,,,
,,,,,23219,59.0,59,,,,,,,,,,
,,,,,23276,57.0,57,,,,,,,,,,
,,,,,23336,60.0,60,,,,,,,,,,
,,,,,23397,61.0,61,,,,,,,,,,
,,,,,23453,56.0,56,,,,,,,,,,
,,,,,23512,59.0,59,,,,,,,,,,
,,,,,23570,58.0,58,,,,,,,,,,
,,,,,23623,53.0,53,,,,,,,,,,
,,,,,23687,64.0,64,,,,,,,,,,
,,,,,23747,60.0,60,,,,,,,,,,
,,,,,23804,57.0,57,,,,,,,,,,
,,,,,23861,57.0,57,,,,,,,,,,
,,,,,23923,62.0,62,,,,,,,,,,
,,,,,23979,56.0,56,,,,,,,,,,
,,,,,24000,,,-56.71152877807617,-0.7687968015670776,4.348872661590576,55.47870635986328,55.43988037109375,0.08684387058019638,0.012898294255137444,0.0003,0.0003,0.08684200793504715
,,,,,24039,60.0,60,,,,,,,,,,
,,,,,24099,60.0,60,,,,,,,,,,
,,,,,24161,62.0,62,,,,,,,,,,
,,,,,24220,59.0,59,,,,,,,,,,
,,,,,24278,58.0,58,,,,,,,,,,
,,,,,24329,51.0,51,,,,,,,,,,
,,,,,24388,59.0,59,,,,,,,,,,
,,,,,24446,58.0,58,,,,,,,,,,
,,,,,24502,56.0,56,,,,,,,,,,
,,,,,24559,57.0,57,,,,,,,,,,
,,,,,24610,51.0,51,,,,,,,,,,
,,,,,24654,44.0,44,,,,,,,,,,
,,,,,24701,47.0,47,,,,,,,,,,
,,,,,24746,45.0,45,,,,,,,,,,
,,,,,24790,44.0,44,,,,,,,,,,
,,,,,24839,49.0,49,,,,,,,,,,
,,,,,24893,54.0,54,,,,,,,,,,
,,,,,24942,49.0,49,,,,,,,,,,
,,,,,24991,49.0,49,,,,,,,,,,
43.3,3.6345565,49.0,37.0,43.3,25000,,,-56.97561264038086,-1.2366886138916016,4.637749671936035,53.60863494873047,53.72248077392578,0.0895918533205986,-0.018903737887740135,0.0003,0.0003,0.08959987014532089
,,,,,25036,45.0,45,,,,,,,,,,
,,,,,25087,51.0,51,,,,,,,,,,
,,,,,25137,50.0,50,,,,,,,,,,
,,,,,25190,53.0,53,,,,,,,,,,
,,,,,25238,48.0,48,,,,,,,,,,
,,,,,25301,63.0,63,,,,,,,,,,
,,,,,25361,60.0,60,,,,,,,,,,
,,,,,25905,544.0,544,,,,,,,,,,
,,,,,25986,81.0,81,,,,,,,,,,
,,,,,26000,,,-60.87639617919922,-1.0351760387420654,6.303440093994141,58.13003921508789,58.159915924072266,0.09321155399084091,0.0006496850401163101,0.0003,0.0003,0.09321371465921402
,,,,,26080,94.0,94,,,,,,,,,,
,,,,,26170,90.0,90,,,,,,,,,,
,,,,,26252,82.0,82,,,,,,,,,,
,,,,,26425,173.0,173,,,,,,,,,,
,,,,,26984,559.0,559,,,,,,,,,,
,,,,,27000,,,-57.52342987060547,-0.6816433072090149,2.45938777923584,55.23680877685547,55.171287536621094,0.0888543650507927,0.022691112011671066,0.0003,0.0003,0.08884672075510025
,,,,,27984,1000.0,1000,,,,,,,,,,
,,,,,28000,,,-53.85503005981445,-0.8607563972473145,14.31959056854248,51.48414611816406,51.44584655761719,0.08239243924617767,0.009673526510596275,0.0003,0.0003,0.08238460123538971
,,,,,28984,1000.0,1000,,,,,,,,,,
,,,,,29000,,,-53.88338088989258,-0.9279240965843201,4.632119178771973,52.30839157104492,52.43645477294922,0.07788348942995071,-0.0022350912913680077,0.0003,0.0003,0.07788378745317459
,,,,,29104,120.0,120,,,,,,,,,,
913.2,260.4,1000.0,132.0,913.2,30000,,,-57.118553161621094,-0.8018785715103149,1.130565881729126,54.870853424072266,54.6973876953125,0.07613158226013184,0.00716644711792469,0.0003,0.0003,0.07613063603639603
,,,,,30104,1000.0,1000,,,,,,,,,,
,,,,,30270,166.0,166,,,,,,,,,,
,,,,,31000,,,-57.77939224243164,-0.7862792015075684,0.9147206544876099,55.75218963623047,55.713897705078125,0.07463745772838593,0.014777434058487415,0.0003,0.0003,0.07463466376066208
,,,,,31270,1000.0,1000,,,,,,,,,,
,,,,,31403,133.0,133,,,,,,,,,,
,,,,,31555,152.0,152,,,,,,,,,,
,,,,,31694,139.0,139,,,,,,,,,,
,,,,,31833,139.0,139,,,,,,,,,,
,,,,,32000,,,-55.94853210449219,-1.3252208232879639,3.143812656402588,52.45957946777344,52.70389175415039,0.07531898468732834,-0.00026859575882554054,0.0003,0.0003,0.07531795650720596
,,,,,32833,1000.0,1000,,,,,,,,,,
,,,,,33000,,,-54.90357208251953,-0.842180609703064,2.025851011276245,54.119468688964844,54.10335922241211,0.08030674606561661,0.0016415352001786232,0.0003,0.0003,0.0803125873208046
,,,,,33833,1000.0,1000,,,,,,,,,,
,,,,,34000,,,-55.02225875854492,-1.0781385898590088,5.636680603027344,51.96076965332031,51.296504974365234,0.0850328728556633,0.0009313402697443962,0.0003,0.0003,0.08503653854131699
,,,,,34681,848.0,848,,,,,,,,,,
,,,,,34811,130.0,130,,,,,,,,,,
,,,,,34960,149.0,149,,,,,,,,,,
691.4,317.7487,1000.0,208.0,691.4,35000,,,-56.968299865722656,-1.1603070497512817,1.1730326414108276,52.230472564697266,52.23945236206055,0.09188666194677353,0.001200950238853693,0.0003,0.0003,0.09189476817846298
,,,,,35104,144.0,144,,,,,,,,,,
,,,,,35251,147.0,147,,,,,,,,,,
,,,,,35354,103.0,103,,,,,,,,,,
,,,,,35491,137.0,137,,,,,,,,,,
,,,,,35597,106.0,106,,,,,,,,,,
,,,,,35705,108.0,108,,,,,,,,,,
,,,,,35829,124.0,124,,,,,,,,,,
,,,,,35960,131.0,131,,,,,,,,,,
,,,,,36000,,,-62.65302658081055,-0.9925292730331421,8.224553108215332,59.71027374267578,59.56121826171875,0.09789736568927765,0.0022833659313619137,0.0003,0.0003,0.09790322929620743
,,,,,36071,111.0,111,,,,,,,,,,
,,,,,36235,164.0,164,,,,,,,,,,
,,,,,36339,104.0,104,,,,,,,,,,
,,,,,36446,107.0,107,,,,,,,,,,
,,,,,36541,95.0,95,,,,,,,,,,
,,,,,36664,123.0,123,,,,,,,,,,
,,,,,36764,100.0,100,,,,,,,,,,
,,,,,36875,111.0,111,,,,,,,,,,
,,,,,37000,,,-59.34714889526367,-0.9907991886138916,4.016033172607422,57.89647674560547,57.737857818603516,0.1056051105260849,0.010110544972121716,0.0003,0.0003,0.10561075061559677
,,,,,37001,126.0,126,,,,,,,,,,
,,,,,37128,127.0,127,,,,,,,,,,
,,,,,37254,126.0,126,,,,,,,,,,
,,,,,37349,95.0,95,,,,,,,,,,
,,,,,37450,101.0,101,,,,,,,,,,
,,,,,37575,125.0,125,,,,,,,,,,
,,,,,37674,99.0,99,,,,,,,,,,
,,,,,37781,107.0,107,,,,,,,,,,
,,,,,37887,106.0,106,,,,,,,,,,
,,,,,38000,,,-60.01924514770508,-0.9281389713287354,8.836145401000977,57.62668991088867,57.39912414550781,0.11205995827913284,-0.0016507382970303297,0.0003,0.0003,0.11206789314746857
,,,,,38001,114.0,114,,,,,,,,,,
,,,,,38102,101.0,101,,,,,,,,,,
,,,,,38217,115.0,115,,,,,,,,,,
,,,,,38341,124.0,124,,,,,,,,,,
,,,,,38459,118.0,118,,,,,,,,,,
,,,,,38568,109.0,109,,,,,,,,,,
,,,,,38716,148.0,148,,,,,,,,,,
,,,,,38853,137.0,137,,,,,,,,,,
,,,,,39000,,,-65.62540435791016,-1.0475939512252808,2.237028121948242,64.62028503417969,64.710205078125,0.11886212974786758,-0.010581840761005878,0.0003,0.0003,0.11886938661336899
,,,,,39040,187.0,187,,,,,,,,,,
,,,,,39230,190.0,190,,,,,,,,,,
1000.0,0.0,1000.0,1000.0,1000.0,40000,,,-64.30577087402344,-0.9119431972503662,1.4432518482208252,62.97175979614258,62.96530532836914,0.12470589578151703,-0.005822821985930204,0.0003,0.0003,0.12471330165863037
,,,,,40230,1000.0,1000,,,,,,,,,,
,,,,,41000,,,-65.42804718017578,-1.1939970254898071,9.6969575881958,63.16067123413086,63.073020935058594,0.12610284984111786,-0.011788454838097095,0.0003,0.0003,0.12611126899719238
,,,,,41230,1000.0,1000,,,,,,,,,,
,,,,,41481,251.0,251,,,,,,,,,,
,,,,,42000,,,-65.7349624633789,-0.9808502197265625,2.065941572189331,64.29014587402344,64.37419128417969,0.12516655027866364,-0.0013895165175199509,0.0003,0.0003,0.12516258656978607
,,,,,42481,1000.0,1000,,,,,,,,,,
,,,,,43000,,,-70.34290313720703,-0.912480890750885,3.5944011211395264,67.53355407714844,67.55660247802734,0.12227961421012878,-0.0019192961044609547,0.0003,0.0003,0.12228354811668396
,,,,,43481,1000.0,1000,,,,,,,,,,
,,,,,44000,,,-69.6724624633789,-1.278293251991272,4.649120807647705,63.918212890625,63.999908447265625,0.11698099225759506,-0.023182466626167297,0.0003,0.0003,0.1169772818684578
,,,,,44481,1000.0,1000,,,,,,,,,,
1000.0,0.0,1000.0,1000.0,1000.0,45000,,,-71.30017852783203,-0.7432002425193787,1.5092041492462158,69.36184692382812,69.356201171875,0.11357839405536652,0.026168901473283768,0.0003,0.0003,0.11357284337282181
,,,,,45481,1000.0,1000,,,,,,,,,,
,,,,,46000,,,-72.17951965332031,-0.9479221105575562,2.1305325031280518,70.75103759765625,70.77790832519531,0.11190817505121231,-0.008947547525167465,0.0003,0.0003,0.11190710961818695
,,,,,46481,1000.0,1000,,,,,,,,,,
,,,,,47000,,,-73.16934204101562,-0.9931885004043579,0.7857285737991333,70.035888671875,70.11735534667969,0.1091933473944664,0.003808140754699707,0.0003,0.0003,0.10919082164764404
,,,,,47481,1000.0,1000,,,,,,,,,,
,,,,,48000,,,-73.81124877929688,-0.8686422109603882,1.0986583232879639,72.82880401611328,72.69425964355469,0.10792560875415802,0.01649681106209755,0.0003,0.0003,0.10792825371026993
,,,,,48481,1000.0,1000,,,,,,,,,,
,,,,,49000,,,-77.04008483886719,-1.176377296447754,2.874541759490967,73.85368347167969,73.73880004882812,0.10707242041826248,-0.02026527002453804,0.0003,0.0003,0.10707336664199829
,,,,,49481,1000.0,1000,,,,,,,,,,
